0A5020000
00008140A
000071010
0007000C8
000000000
0070FEAFF
000000000
0070FBFFF
000000000
006096A10
000000000
00707FFED
000000000
000000804
000000000
006055F1F
000000000
001001282
000000000
0050FFFFD
000000000
0060EFDFF
000000000
001068116
000000000
000000008
000000000
000000000
000000000
000000000
000000000
000000000
000000000
000000000
000000000
000000000
000000000
000000000
000000000
000000000
000000000
005051407
000000000
004020101
000000000
000000000
000000000
000000000
000000000
000000000
000000000
000000000
000000000
000100808
000000000
0070DF7FF
000000000
000000000
000000000
000404000
000000000
000004080
000000000
000100000
000000000
000000000
000000000
000000000
000000000
000000000
000000000
000000000
000000000
000000000
000000000
000000000
000000000
000000000
000000000
000000000
000000000
000000000
000000000
000000000
000000000
000000000
000000000
000000000
000000000
000000000
000000000
0000008E1
000000000
000000000
000000000
004020803
000000000
000000000
000000000
000000000
000000000
0040016E9
000000000
000000008
000000000
000000000
000000000
000000000
000000000
000000020
000000000
000000000
000000000
002060C21
000000000
000000000
000000000
000000000
000000000
000000000
000000000
000000000
000000000
000010068
000000000
004001104
000000000
005030A07
000000000
000000000
000000000
000000018
000000000
000000000
000000000
000000000
000000000
0000A0128
000000000
004060EA6
000000000
004010515
000000000
007000384
000000000
000100000
000000000
000000000
000000000
000000000
000000000
000000000
000000000
000000000
000000000
000000000
000000000
000000000
000000000
000000000
000000000
000000000
000000000
000000000
000000000
000000000
000000000
008C01000
000000000
000000000
000000000
00070408C
000000000
000000000
000000000
00A18A07E
000000000
000000000
000000000
00A10DDF0
000000000
00A72A000
000000000
000000000
000000000
001050031
000000000
000040200
000000000
000000000
000000000
000000000
000000000
000000001
000000000
000000000
000000000
001071CC3
000000000
000000000
000000000
000000024
000000000
000000000
000000000
007031776
000000000
000000000
000000000
000000000
000000000
0040517AA
000000000
000000000
000000000
004000810
000000000
000000000
000000000
000000002
000000000
000000857
000000000
000000000
000000000
000000020
000000000
000000010
000000000
000000000
000000000
000000000
000000000
000000000
000000000
000000000
000000000
004134000
000000000
007000330
000000000
000104004
000000000
000000000
000000000
0023BE03F
000000000
00411B63F
000000000
009168F51
000000000
0050AF474
000000000
0063FFCFF
000000000
0070FAEF8
000000000
0030BEE5B
000000000
000022901
000000000
0011A34A2
000000000
000000000
000000000
000000000
000000000
000000000
000000000
000000000
000000000
000000000
000000000
0000115AA
000000000
000000240
000000000
000000000
000000000
001000030
000000000
007030F32
000000000
000000000
000000000
000000000
000000000
0050FFD9D
000000000
000000000
000000000
0030004A4
000000000
0070D3FCC
000000000
0050D27AF
000000000
0050F2DEF
000000000
000000000
000000000
000050603
000000000
004050EFE
000000000
000000000
000000000
000000000
000000000
000000102
000000000
000000000
000000000
000000000
000000000
000000000
000000000
000000000
000000000
000000000
000000000
000000000
000000000
000000000
000000000
000000000
000000000
00605CC76
000000000
000000000
000000000
0070C1698
000000000
000000000
000000000
000000000
000000000
000033044
000000000
000000000
000000000
000000000
000000000
000000000
000000000
000000000
000000000
000000000
000000000
000000000
000000000
000000000
000000000
000000000
000000000
000000000
000000000
000000000
000000000
000000000
000000000
000000000
000000000
000000000
000000000
000000000
000000000
0010C3012
000000000
001013C53
000000000
000080200
000000000
000000000
000000000
000000000
000000000
000000010
000000000
000000000
000000000
000000000
000000000
00608492C
000000000
000000000
000000000
000000000
000000000
000000000
000000000
000000000
000000000
000000000
000000000
000000000
000000000
000000000
000000000
000000000
000000000
000000000
000000000
000000000
000000000
000000000
000000000
000000000
000000000
000000000
000000000
000000000
000000000
000000000
000000000
000000000
000000000
000000000
000000000
000000000
000000000
000000000
000000000
000000000
000000000
000000000
000000000
000000000
000000000
000000000
000000000
000000000
000000000
000000000
000000000
000000000
000000000
000000000
000000000
000000000
000000000
000000000
000000000
000000000
000000000
000000000
000000000
000000000
000000000
000000000
000000000
000000000
000000000
0E8670D07
000000000
0BF6E0C06
000000000
07C760A03
000000000
0CF7F0703
000000000
040800000
000000000
0EF7C0707
000000000
04E520E08
000000000
0FF7F0D0F
000000000
0FF7E0F07
000000000
01AB00102
000000000
000000000
000000000
000000000
000000000
000000000
000000000
000000000
000000000
000000000
000000000
000000000
000000000
000000000
000000000
000000000
000000000
082050304
000000000
012000200
000000000
000000000
000000000
000000000
000000000
000000000
000000000
000000000
000000000
000000000
000000000
0EB3A0B0F
000000000
000000000
000000000
000020000
000000000
000000008
000000000
000000000
000000000
000000000
000000000
000000000
000000000
000000000
000000000
000000000
000000000
000000000
000000000
000000000
000000000
000000000
000000000
000000000
000000000
000000000
000000000
000000000
000000000
000800000
000000000
040100000
000000000
000000000
000000000
000F01200
000000000
084140000
000000000
006300002
000000000
000000000
000000000
000000000
000000000
0AF780906
000000000
040000000
000000000
000000000
000000000
000000000
000000000
000000000
000000000
000000000
000000000
0C0000007
000000000
000000000
000000000
000000000
000000000
000000000
000000000
000000000
000000000
040010204
000000000
007080000
000000000
0DA080106
000000000
000000000
000000000
004010000
000000000
000000000
000000000
000000000
000000000
000040007
000000000
0500E0003
000000000
091150A00
000000000
0B8050604
000000000
000000000
000000000
000000000
000000000
000000000
000000000
000000000
000000000
000000000
000000000
000000000
000000000
000000000
000000000
000000000
000000000
000000000
000000000
000000000
000000000
000000000
000000000
000800000
000000000
000000000
000000000
008860804
000000000
000000000
000000000
080250D07
000000000
000000000
000000000
00EA31507
000000000
000042A00
000000000
000000000
000000000
00C040001
000000000
000000002
000000000
000000000
000000000
000000000
000000000
008040000
000000000
000000000
000000000
01B070505
000000000
000000000
000000000
008000000
000000000
000000000
000000000
0710F0007
000000000
000000000
000000000
000000000
000000000
0BF060707
000000000
000000000
000000000
020000100
000000000
000000000
000000000
058000000
000000000
0DE020607
000000000
000000000
000000000
000000000
000000000
000E01008
000000000
000000000
000000000
000000000
000000000
000000000
000000000
000000000
000000000
000100404
000000000
00B610001
000000000
004000000
000000000
000000000
000000000
0A3520502
000000000
080222E01
000000000
0CA880A00
000000000
0DA9A1207
000000000
0FDF70F07
000000000
0BEFA0D07
000000000
09F572D07
000000000
020C22201
000000000
060E80C06
000000000
000000000
000000000
000000000
000000000
000000000
000000000
000000000
000000000
000000000
000000000
082000104
000000000
000000002
000000000
000000000
000000000
008000000
000000000
018020201
000000000
000000000
000000000
000000000
000000000
00B070706
000000000
000000000
000000000
000040100
000000000
017070707
000000000
01F070505
000000000
00F070707
000000000
000000000
000000000
003000005
000000000
00A050607
000000000
000000000
000000000
000000000
000000000
000080000
000000000
000000000
000000000
000000000
000000000
000000000
000000000
000000000
000000000
000000000
000000000
000100008
000000000
000000000
000000000
000000000
000000000
090340606
000000000
000100800
000000000
0D73D0B04
000000000
000000000
000000000
000100000
000000000
0690C0B00
000000000
000100000
000000000
000000000
000000000
000000000
000000000
000000000
000000000
000000000
000000000
000000000
000000000
000000000
000000000
000000000
000000000
000000000
000000000
000000000
000000000
000000000
000000000
000000000
000000000
000000000
000000000
000000000
000000000
020000004
000000000
00D080C00
000000000
002000000
000000000
000000000
000000000
000000000
000000000
000000008
000000000
000000000
000000000
000000000
000000000
00705040D
000000000
000000000
000000000
000000000
000000000
000000000
000000000
000000000
000000000
000000000
000000000
000000000
000000000
000000000
000000000
000000000
000000000
000000000
000000000
000000000
000000000
000000000
000000000
000000000
000000000
000000000
000000000
000000000
000000000
000000000
000000000
000000000
000000000
000000000
000000000
000000000
000000000
000000000
000000000
000000000
000000000
000000000
000000000
000000000
000000000
000000000
000000000
000000000
000000000
000000000
000000000
000000000
000000000
000000000
000000000
000000000
000000000
000000000
000000000
000000000
000000000
000000000
000000000
000000000
000000000
000000000
000000000
000000000
000000000
001041BD9
000000000
0030407EF
000000000
0020310D0
000000000
007061FFF
000000000
000000000
000000000
007051769
000000000
00203005C
000000000
007073FFF
000000000
007070FFF
000000000
0060324C3
000000000
000000000
000000000
000000000
000000000
000000000
000000000
000000000
000000000
000000000
000000000
000000000
000000000
000000000
000000000
000000000
000000000
004050205
000000000
000050000
000000000
001084000
000000000
000000000
000000000
000000000
000000000
000000000
000000000
000187000
000000000
0070BFEC7
000000000
000000000
000000000
000000040
000000000
000080000
000000000
000000000
000000000
000000000
000000000
000000000
000000000
000000010
000000000
000000000
000000000
000000000
000000000
000000000
000000000
000000000
000000000
000000000
000000000
000000000
000000000
000000000
000000000
000000000
000000000
004000000
000000000
000000000
000000000
00202042A
000000000
000000801
000000000
006000000
000000000
000000000
000000000
000000000
000000000
002040B84
000000000
000000000
000000000
000000000
000000000
000000000
000000000
000002000
000000000
000000000
000000000
005061404
000000000
000000000
000000000
000000000
000000000
000000000
000000000
000000000
000000000
00102026E
000000000
005000032
000000000
006030AED
000000000
000000000
000000000
000010098
000000000
000000000
000000000
000000100
000000000
000000050
000000000
002010001
000000000
005060F50
000000000
007070B6C
000000000
000000000
000000000
000000000
000000000
000000000
000000000
000000000
000000000
000000000
000000000
000000000
000000000
000000000
000000000
000000000
000000000
000000000
000000000
000000000
000000000
000000000
000000000
004180000
000000000
000000000
000000000
0040FCA06
000000000
000000000
000000000
0010C30A9
000000000
000000000
000000000
006046D88
000000000
002084000
000000000
000000000
000000000
0050005A5
000000000
000000040
000000000
000000000
000000000
000000000
000000000
000000000
000000000
000000000
000000000
001010E7C
000000000
000000000
000000000
004000002
000000000
000000000
000000000
007020D57
000000000
000000000
000000000
000000000
000000000
003070EB6
000000000
000000000
000000000
000000200
000000000
000000000
000000000
002000002
000000000
002030C52
000080000
000000000
000000000
000000200
000000000
001040180
000000000
000000000
000000000
000000000
000000000
000000000
000000000
000000000
000000000
000001000
000000000
001000400
000000000
000080040
000000000
000000000
000000000
0020A752F
000000000
0050A7806
000000000
004070811
000000000
0000C7189
000000000
0070F7DBA
000000000
0060F7FFE
000000000
0050E6A9A
000000000
002042C61
000000000
0040CC562
000000000
000002000
000000000
000000000
000000000
000000000
000000000
000000000
000000000
000000000
000000000
00402080A
000000000
000000004
000000000
000000000
000000000
000000485
000000000
005070008
000000000
000000000
000000000
000000000
000000000
0060702FE
000000000
000000000
000000000
001000D04
000000000
007070EF5
000000000
007072FFB
000000000
006070FFF
000000000
000000000
000000000
00007092E
000000000
0070111DA
000000000
000000000
000000000
000000000
000000000
000000000
000000000
000000000
000000000
000000000
000000000
000000000
000000000
000000000
000000000
000000000
000000000
000000000
000000000
000000000
000000000
000000000
000000000
0030419B2
000000000
000000000
000000000
007030628
000000000
000000000
000000000
000001000
000000000
00404021C
000000000
000000000
000000000
000000000
000000000
000000000
000000000
000000000
000000000
000000000
000000000
000000000
000000000
000000000
000000000
000000000
000000000
000000000
000000000
000000000
000000000
000000000
000000000
000000000
000000000
000000000
000000000
000000000
000000000
006001010
000000000
0020007CC
000000000
000000000
000000000
000000000
000000000
000000000
000000000
000000000
000000000
000000000
000000000
000000000
000000000
000020D30
000000000
000000000
000000000
000000000
000000000
000000000
000000000
000000000
000000000
000000000
000000000
000000000
000000000
000000000
000000000
000000000
000000000
000000000
000000000
000000000
000000000
000000000
000000000
000000000
000000000
000000000
000000000
000000000
000000000
000000000
000000000
000000000
000000000
000000000
000000000
000000000
000000000
000000000
000000000
000000000
000000000
000000000
000000000
000000000
000000000
000000000
000000000
000000000
000000000
000000000
000000000
000000000
000000000
000000000
000000000
000000000
000000000
000000000
000000000
000000000
000000000
000000000
000000000
000000000
000000000
000000000
000000000
000000000
000000000
0ED0B0706
000000000
0FE0F0705
000000000
0F40B0400
000000000
0FF2D0607
000000000
060000000
000000000
0E11D0F07
000000000
0BA0D0004
000000000
0FF1F0307
000000000
0FF0F0307
000000000
042130401
000000000
000000000
000000000
000000000
000000000
000000000
000000000
000000000
000000000
000000000
000000000
000000000
000000000
000000000
000000000
000000000
000000000
002040304
000000000
008080001
000000000
000000010
000000000
000000000
000000000
000000000
000000000
000000000
000000000
010000000
000000000
0FD1F0107
000000000
000000000
000000000
000000000
000000000
000000002
000000000
000000000
000000000
000000808
000000000
000000000
000000000
002000005
000000000
000000000
000000000
000000000
000000000
000000000
000000000
000000000
000000000
000000000
000000000
000000000
000000000
000000800
000000000
000000000
000000000
000000000
000000000
000000000
000000000
02EC00004
000000000
000000000
000000000
042040002
000000000
000000000
000000000
000000000
000000000
0321E0603
000000000
0C0080000
000000000
000000000
000000000
000000000
000000000
000000100
000000000
000000000
000000000
0100E0400
000000000
000000000
000000000
000000000
000000000
000000000
000000000
000000000
000000000
039090001
000000000
008000000
000000000
097000101
000000000
000000000
000000000
044000200
000000000
000000000
000000000
000000000
000000000
00A020100
000000000
057090404
000000000
0E1090000
000000000
07E000002
000000000
000000000
000000000
000000000
000000000
000100800
000000000
000000000
000000000
000000000
000000000
000000000
000000000
000000000
000000000
000000000
000000000
000000000
000000000
000000000
000000000
000000000
000000000
000001800
000000000
000000000
000000000
054141004
000000000
000000000
000000000
00F0E1602
000000000
000000000
000000000
0010C0B00
000000000
004000200
000000000
000000000
000000000
058020100
000000000
004020002
000000000
000000000
000000000
000000000
000000000
006000400
000000000
000000000
000000000
092020504
000000000
000000000
000000000
000000400
000000000
000000000
000000000
03B040B01
000000000
000000000
000000000
000000000
000000000
0FA0F0506
000000000
000000000
000000000
004000000
000000000
000000000
000000000
018000000
000000000
0090B0000
000000000
000000000
000000000
000000000
000000000
0420A0404
000000000
000000000
000000000
000000000
000000000
000000000
000000000
000000000
000000000
003020000
000000000
008220000
000000000
012000001
000000000
000000000
000000000
028631808
000000000
0AB1E0E0D
000000000
010001406
000000000
052681B0D
000000000
05FBE0F0D
000000000
05EEE1F0F
000000000
0C6D71A09
000000000
005C0100B
000000000
08D920A04
000000000
022000000
000000000
000000000
000000000
000000000
000000000
000000000
000000000
000000000
000000000
004010002
000000000
008000000
000000000
000000000
000000000
004020000
000000000
08A030704
000000000
000000000
000000000
000000000
000000000
00F070303
000000000
000000000
000000000
000000002
000000000
07F070707
000000000
01D030307
000000000
01F070705
000000000
000000000
000000000
001040000
000000000
008060004
000000000
000000000
000000000
000000000
000000000
020000000
000000000
000000000
000000000
000000000
000000000
000000000
000000000
000000000
000000000
000000000
000000000
080000000
000000000
000000000
000000000
000000000
000000000
0F90F0307
000000000
000000000
000000000
0D8090607
000000000
000000000
000000000
000000000
000000000
09B000500
000000000
000000000
000000000
000000000
000000000
000000000
000000000
000000000
000000000
000000000
000000000
000000000
000000000
000000000
000000000
000000000
000000000
000000000
000000000
000000000
000000000
000000000
000000000
000000000
000000000
000000000
000000000
000000000
000000000
002000004
000000000
01F030203
000000000
000000100
000000000
000000000
000000000
000000000
000000000
004000000
000000000
000000000
000001000
000000000
000000000
034020004
000000000
000000000
000000000
000000000
000000000
000000000
000000000
000000000
000000000
000000000
000000000
000000000
000000000
000000000
000000000
000000000
000000000
000000000
000000000
000000000
000000000
000000000
000000000
000000000
000000000
000000000
000000000
000000000
000000000
000000000
000000000
000000000
000000000
000000000
000000000
000000000
000000000
000000000
000000000
000000000
000000000
000000000
000000000
000000000
000000000
000000000
000000000
000000000
000000000
000000000
000000000
000000000
000000000
000000000
000000000
000000000
000000000
000000000
000000000
000000000
000000000
000000000
000000000
000000000
000000000
000000000
000000000
000000000
000000000
00D06069F
000000000
00E0607BE
000000000
00C0002C3
000000000
007070BFB
000000000
004000008
000000000
00D0203EF
000000000
0040100EE
000000000
0070706BF
000000000
00F070FFB
000000000
005040A48
000000000
000000001
000000000
000000000
000000000
000000000
000000000
000000000
000000000
000000000
000000000
000000000
000000000
000000000
000000000
000000000
000000000
000040601
000000000
002000006
000000000
000000000
000000000
000000000
008000000
000000000
000000000
000000000
000000000
000000000
000000000
007073FFB
008000000
000000000
000000000
000000000
000000000
000000000
000000000
000000000
000000000
000000000
000000000
008000000
000000000
008000900
000000000
010000000
000000000
000000000
000000000
000000000
000000000
008000000
000000000
000000000
000000000
000000000
000000000
000000000
000000000
000080000
000000000
000000000
000000000
000000000
000000000
000090000
000000000
008000188
000000000
004000001
000000000
000000000
000000000
000080000
000000000
007090459
000000000
001000005
000000000
000000000
000000000
000000000
000000000
000000800
000000000
000000000
000000000
003001BF8
000000000
000000000
000000000
000000000
000000000
000000000
000000000
000000000
000000000
006040914
000000000
00E080055
000000000
0090E0E5E
000000000
000000000
000000000
0000E0C11
000000000
000000000
000000000
008080800
000000000
0090D0028
000000000
000020411
000000000
00901026D
000000000
00B071EAD
000000000
000000000
000000000
000000000
000000000
000000000
000000000
000000000
000000000
000000000
000000000
000000000
000000000
000000000
000000000
000000000
000000000
000000000
000000000
000000000
000000000
000000000
000000000
000000040
000000000
000000000
000000000
001011906
000000000
000000000
000000000
006010F42
000000000
000000000
000000000
007001263
000000000
002000000
000000000
000000000
000000000
003021581
000000000
000000000
000000000
000000000
000000000
000000000
000000000
000010000
000000000
000000000
000000000
0050001C8
000000000
000000000
000000000
004000200
000000000
000000000
000000000
0070406A8
000000000
000000000
000000000
000000000
000000000
00707004E
000000000
000000000
000000000
000000000
000000000
000000000
000000000
000000000
000000000
00F0206DC
000000000
000000000
000000000
000082000
000000000
000040380
000000000
000000000
000000000
000000000
000000000
000000000
000000000
000000000
000000000
003010000
000000000
000080110
000000000
000000000
000000000
000000000
000000000
006051809
000000000
007041D73
000000000
002013467
000000000
005053F97
000000000
0040717FF
000000000
005051CFF
000000000
004023C99
000000000
000010350
000000000
00200218A
000000000
000000000
000000000
000000000
000000000
000000000
000000000
000000000
000000000
000000000
000000000
004040166
000000000
000040000
000000000
000000000
000000000
000000008
000000000
00A00060A
000000000
000000000
000000000
010080000
000000000
01F0309E8
000000000
000000000
000000000
018001B11
000000000
00F0713FF
000000000
00F071CFF
000000000
00F071FFD
000000000
000000000
000000000
008020321
000000000
0080717DC
000000000
000000000
000000000
000000000
000000000
000000000
000000000
000000000
000000000
000000000
000000000
000000000
000000000
000000000
000000000
000000000
000000000
000000000
000000000
000000000
000000000
000000000
000000000
000030940
000000000
000000000
000000000
006030DC0
000000000
000000000
000100000
000000000
000000000
008040973
000000000
000000000
000000000
000000000
000000000
000000000
000000000
000000000
000000000
000000000
000000000
000000000
000000000
000000000
000000000
000000000
000000000
000000000
000000000
000000000
000000000
000000000
000000000
000000000
000000000
000000000
000000000
000000000
000000000
004020000
000000000
002050C6B
000000000
004000000
000000000
000000000
000000000
000000000
000000000
002000000
000000000
000000000
000000000
000000000
000000000
002070300
000000000
000000000
000000000
000000000
000000000
000000000
000000000
000000000
000000000
000000000
000000000
000000000
000000000
000000000
000000000
000000000
000000000
000000000
000000000
000000000
000000000
000000000
000000000
000000000
000000000
000000000
000000000
000000000
000000000
000000000
000000000
000000000
000000000
000000000
000000000
000000000
000000000
000000000
000000000
000000000
000000000
000000000
000000000
000000000
000000000
000000000
000000000
000000000
000000000
000000000
000000000
000000000
000000000
000000000
000000000
000000000
000000000
000000000
000000000
000000000
000000000
000000000
000000000
000000000
000000000
000000000
000000000
000000000
000000000
0BE0F070C
000000000
0FF0D071F
000000000
0840E010E
000000000
0FF0B000F
000001000
040000000
000000000
05D04020E
000000000
00701000E
000000000
0FF0F070E
000000000
0FE0F071F
000000000
02405040B
000000000
001000000
000000000
000000000
000000000
000000000
000000000
000000000
000000000
000000000
000000000
000000000
000000000
000000000
000000000
000000000
000000000
08E050500
000000000
000000104
000000000
000000000
000000008
000000000
000000000
004000000
000000000
000000000
000000000
028000002
000000000
0FF2F0607
000000000
000000000
000000000
000000004
000000000
010000400
000000000
000000000
000000000
000000008
000000000
000000008
000000000
00000000C
000000000
000000000
000000000
000000000
000000000
000000000
000000000
000000008
000000000
000000000
000000000
000000000
000000000
000000000
000000000
000000000
000000000
002000000
000000000
000000000
000000000
080240100
000000000
000000000
000000000
000160000
000000000
000000000
000000000
000000000
000000000
044830400
000000000
040000000
000000000
000000000
000000000
000000000
000000000
001000000
000000000
000000000
000000000
002080104
000000000
000000000
000000000
000000000
000000000
000000000
000000000
000000000
000000000
055000601
000000000
0080D0104
000000000
011040605
000000000
000000000
000000000
000210000
000000000
000000000
000000000
000000000
000000000
0A9070000
000000000
004000206
000000000
0F1000600
000000000
0F62C0201
000000000
000000010
000000000
000000000
000000000
080000000
000000000
000000000
000000000
000000000
000000000
000000000
000000000
000000010
000000000
000000000
000000000
000000000
000000000
000001000
000000000
000000000
000000000
004000000
000000000
000000000
000000000
011010200
000000000
000000000
000000000
00A030202
000000000
000000000
000000000
009010700
000000000
005000000
000000000
000000000
000000000
051000404
000000000
000000400
000000000
000000000
000000000
000000000
000000000
000100000
000000000
000000000
000000000
02C1C0304
000000000
000000000
000000000
008040000
000000000
000000000
000000000
0FF371F1F
000000000
000000000
000000000
000002808
000000000
0EF532D09
000000000
000000000
000000000
000E27018
000000000
000002000
000000000
000605A08
000000000
015815F0B
000000000
000000000
000000000
000000000
000000000
010000100
000000000
000000000
000000000
000000000
000000000
000000000
000002000
000000000
000000000
000030000
000000000
00F000004
000000000
000000000
000000000
000000000
000000000
0C063DA18
000000000
06B40FA18
000000000
0DBC3180F
000000000
07CFBFC15
000000000
0FEFCFD2F
000000000
0CFFCF72B
000000000
077E3FE19
000000000
060007158
000000000
0CBB3300B
000000000
000400108
000000000
000000000
000000000
000000000
000002000
000000000
000000000
000000000
000000000
09F0F0105
000000000
040040100
000000000
000000000
000000000
000020404
000000000
03D040404
000000000
000000000
000000000
000000000
000000000
08B06060F
000000000
000000000
000000000
000090000
000000000
0BF0E0707
000000000
0FF050607
000000000
07F070707
000000000
000000000
000000000
080010005
000000000
016030603
000000000
000000000
000000000
000000000
000000000
000000000
000000000
000000000
000000000
000000000
000000000
000000000
000000000
000000000
000000000
000000000
000000000
000000000
000000000
000000000
000000000
000000000
000000000
058000306
000001000
000000000
000000000
047060303
000000000
000000000
000000000
010000000
000000000
0220B0000
000000000
000000000
000000000
000000000
000000000
000000000
000000000
000002000
000000000
000000000
000000000
010000000
000000000
000000000
000000000
000000000
000000000
000000000
000000000
000000000
000000000
000000000
000000000
000000000
000000000
000000000
000000000
000000000
000000000
003020000
000000000
0E103050C
000000000
018000008
000000000
000000000
000000000
000000000
000000000
020000400
000000000
000000000
000000000
000000000
000000000
011090204
000000000
000000000
000000000
000100800
000000000
000000000
000000000
000000000
000000000
000000000
000000000
000000000
000000000
000000000
000000000
000000000
000000000
000000000
000000000
000000000
000000000
000000000
000000000
000000000
000000000
000000000
000000000
000000000
000000000
000000000
000000000
000000000
000000000
000000000
000000000
000000000
000000000
000000000
000000000
000000000
000000000
000000000
000000000
000000000
000000000
000000000
000000000
000000000
000000000
000000000
000000000
000000000
000000000
000000000
000000000
000000000
000000000
000000000
000000000
000000000
000000000
000000000
000000000
000000000
000000000
000000000
000000000
000000000
000000000
00E050F13
000000000
00B030FF8
000000000
009060AD9
000000000
00D070FFF
000000000
000010002
000000000
005010DF7
000000000
018000057
000000000
00F070DFF
000000000
00F070DFF
000000000
0080608E8
000000000
000000001
000000000
000000000
000000000
000000000
000000000
000000000
000000000
000000000
000000000
000000000
000000000
000000000
000000000
000000000
000000000
00002095C
000000000
000010002
000000000
000000000
000000000
000000000
000000000
000000000
008000000
000000000
000000000
000000082
000000000
007070FFF
000000000
000000000
000000000
000000000
000000000
050010000
000000000
000000000
000000000
000000000
000000000
000000000
000000000
000000000
000000000
000000000
000000000
000000000
000000000
000000000
000000000
000000000
000000000
000000000
000000000
000000000
000000000
008000000
000000000
008280000
000000000
009180000
000000000
000000000
000000000
0080004B8
000000000
008180100
000000000
008080140
000000000
000080000
000000000
000280000
000000000
0050F06C5
000000000
008180020
000000000
000000000
000000000
000000000
000000000
000000100
000000000
000000000
000000000
00205079B
000000000
000000000
000000000
000000000
000000000
000000000
000000000
000000000
000000000
007050324
000000000
0004C0210
000000000
0041F0507
000000000
000000000
000000000
000000100
000000000
000180000
000000000
0021A7002
000000000
0010C9300
000000000
00418141F
000000000
0000A90C0
000000000
0042E8417
000000000
000000000
000000000
000000000
000000000
000000000
000000000
000000000
000000000
000000000
000000000
000000000
000000000
000000000
000000000
000000000
000000000
000000000
000000000
000000000
000000000
000000000
000000000
000000000
000000000
000000000
000000000
00202014C
000000000
000000000
000000000
00B060B18
000000000
000000000
000000000
00E0601D5
000000000
00C000200
000000000
000000000
000000000
005000890
000000000
000000808
000000000
000000000
000000000
000000000
000000000
000000A00
000000000
000000000
000000000
004000D23
000000000
000000000
000000000
000041442
000000000
000000000
000000000
006000F2B
000000000
000000000
000000000
000000000
000000000
00205077D
000000000
000000000
000000000
000000000
000080000
000000000
000000000
000000244
000000000
007040964
000000000
000000000
000000000
000001000
000000000
000020000
000000000
000000000
000000000
000180000
000000000
000000000
000000000
000000000
000000000
004001008
000000000
001071483
000000000
000000000
000000000
000000000
000000000
004040A80
000000000
002061266
000000000
000050112
000000000
00606175D
000000000
005070DFF
000000000
00507005D
000000000
003041199
000000000
000000204
000000000
0070704F4
000000000
000000000
000000000
000000000
000000000
000000000
000000000
000000000
000000000
000000000
000000000
0010108CC
000000000
000000250
000000000
000000000
000000000
000000204
000000000
0000402A2
000000000
000000000
000000000
000080000
000000000
0040B16DB
000000000
000000000
000000000
0010B0260
000000000
0070F3B7F
000000000
0070717FF
000000000
004071FEF
000000000
000000000
000000000
0060A1700
000000000
009025A6C
000000000
000000000
000000000
000000000
000000000
004000040
000000000
000000000
000000000
000000000
000000000
000000000
000000000
000000000
000000000
000000000
000000000
000000000
000000000
000000000
000000000
000000000
000000000
0070325FB
000000000
000000000
000000000
0040715F0
000000000
000000000
000000000
000000000
000000000
00001116E
000000000
000000000
000000000
000000000
000000000
000000000
000000000
000000000
000000000
000000000
000000000
000000000
000000000
000800000
000000000
000000000
000000000
000000000
000000000
000000000
000000000
000000000
000000000
000000000
000000000
000000000
000000000
000000000
000000000
000000102
000000000
000010B90
000000000
001000008
000000000
000000000
000000000
000000000
000000000
000000000
000000000
000000000
000000000
000000000
000000000
001000980
000000000
000000000
000000000
000000000
000000000
000000000
000000000
000000000
000000000
000000000
000000000
000000000
000000000
000000000
000000000
000000000
000000000
000000000
000000000
000000000
000000000
000000000
000000000
000000000
000000000
000000000
000000000
000000000
000000000
000000000
000000000
000000000
000000000
000000000
000000000
000000000
000000000
000000000
000000000
000000000
000000000
000000000
000000000
000000000
000000000
000000000
000000000
000000000
000000000
000000000
000000000
000000000
000000000
000000000
000000000
000000000
000000000
000000000
000000000
000000000
000000000
000000000
000000000
000000000
000000000
000000000
000000000
000000000
000000000
097070B2A
000000000
07A07039E
000000000
006040251
000000000
07F0E047D
000000000
0000000B8
000000000
0FD050717
000000000
03809027A
000000000
0FF0F073F
000000000
0FF0E077F
000000000
01A040EBC
000000000
000000000
000000000
000000000
000000000
000000000
000000000
000000000
000000000
000000000
000000000
000000000
000000000
000000000
000000000
000000000
000000000
0DC020002
000000000
001220007
000000000
000000002
000000000
000000000
000000000
000000000
000000000
000000000
000000000
000100000
000000000
0FFFF0707
000000000
000000000
000000000
020000000
000000000
000820000
000000000
000000000
000000000
000000000
000000000
000000000
000000000
012080002
000000000
000000000
000000000
000000000
000000000
000000000
000000000
000000000
000000000
000000000
000000000
000000000
000000000
000000000
000000000
000400000
000000000
020400000
000000000
000000000
000000000
053010001
000000000
000100000
000000000
044100404
000000000
000000000
000000000
000200000
000000000
046C50405
000000000
000100000
000000000
000000000
000000000
000000000
000000000
040000001
000000000
000000000
000000000
098000201
000000000
000000000
000000000
000000000
000000000
000000000
000000000
000000000
000000000
0890F0405
000000000
0487A0102
000000000
0BE770704
000000000
000000000
000000000
000480400
000000000
000F00800
000000000
000700000
000000000
086580800
000000000
021720907
000000000
08C640B05
000000000
06B720105
000000000
000000000
000000000
000000000
000000000
000000000
000000000
000000000
000000000
000000000
000000000
000000000
000000000
000000000
000000000
000000000
000000000
000000000
000000000
000000000
000000000
000000000
000000000
000000000
000000000
000000000
000000000
040080402
000000000
000000000
000000000
0260A0602
000000000
000000000
000000000
057010300
000000000
042000000
000000000
000000000
000000000
008190A01
000000000
000020100
000000000
000000000
000000000
000000000
000000000
000000004
000000000
000000000
000000000
018060607
000000000
000000000
000000000
000090000
000000000
000000000
000000000
0D7120F06
000000000
000000000
000000000
000000000
000000000
07F3F0901
000000000
000000000
000000000
000340A02
000000000
000000000
000000000
002240000
000000000
000AF0603
000000000
000000000
000000000
000000000
000000000
010000000
000000000
000000000
000000000
000000000
000000000
000000000
000000000
000000000
000000000
000000000
000000000
08C040402
000000000
002000100
000000000
000000000
000000000
003780B00
000000000
06D9A0200
000000000
0A044080A
000000000
08D3B0F0A
000000000
0763D0F07
000000000
0F6B30F0E
000000000
0B3370806
000000000
040000400
000000000
00F1A0103
000000000
000400000
000000000
000000000
000000000
000000000
000000000
000000000
000000000
000000000
000000000
0BB060202
000000000
000000000
000000000
000000000
000000000
010000000
000000000
02A070006
000000000
000000000
000000000
000000000
000000000
074070607
000000000
000000000
000000000
050000401
000000000
0FB0F0507
000000000
0BF010705
000000000
0FF070707
000000000
000000000
000000000
004000400
000000000
0DD0D0104
000000000
000000000
000000000
000000000
000000000
008000400
000000000
000C00800
000000000
000000000
000000000
000000000
000000000
000000000
000000000
000000000
000000000
000000000
000000000
000000000
000000000
000000000
000000000
02F100F02
000000000
000100100
000000000
0D63C0F00
000000000
000000000
000000000
000300000
000000000
070340801
000000000
000000800
000000000
000000000
000000000
000000000
000000000
000000000
000000000
000000000
000000000
000000000
000000000
000000000
000000000
000000000
000000000
000000000
000000000
000000000
000000000
000000000
000000000
000000000
000000000
000000000
000000800
000000000
000000000
020000400
000000000
0680A0701
000000000
008000000
000000000
000000000
000000000
000000000
000000000
020000000
000000800
000000000
000000000
000000000
000000000
0100C0200
000000000
000000000
000000000
000200800
000000000
000001800
000000000
000000000
000000000
000000000
000000000
000000000
000000000
000000000
000000000
000000000
000000000
000000000
000000000
000000000
000000000
000000000
000000000
000000000
000000000
000000000
000000000
000000000
000000000
000000000
000000000
000000000
000000000
000000000
000000000
000000000
000000000
000000000
000000000
000000000
000000000
000000000
000000000
000000000
000000000
000000000
000000000
000000000
000000000
000000000
000000000
000000000
000000000
000000000
000000000
000000000
000000000
000000000
000000000
000000000
000000000
000000000
000000000
000000000
000000000
000000000
000000000
000000000
000000000
01F070ECD
000000000
02D030EBA
000000000
00E0502BB
000000000
01F070FBF
000000000
008000000
000000000
00D010FBE
000000000
05D040187
000000000
01F070FFF
000000000
00F030FFF
000000000
00D030E42
000000000
000000000
000000000
000000000
000000000
000000000
000000000
000000000
000000000
000000000
000000000
000000000
000000000
000000000
000000000
000000000
000000000
0000C3118
000000000
001083050
000000000
000000000
000000000
000000000
000000000
000000002
000000000
000000000
000000000
000001000
000000000
006040FF7
000000000
000000000
000000000
000000010
000000000
000000000
000000000
000000000
000000000
000000000
000000000
004000000
000000000
005020000
000000000
000000000
000000000
000000000
000000000
000000000
000000000
000000000
000000000
000000000
000000000
000000000
000000000
000000000
000000000
000080000
000000000
000100000
000000000
000000000
000000000
00418A200
000000000
00038B000
000000000
0020A1470
000000000
000000000
000000000
000080000
000000000
0042EB382
000000000
00050C040
000000000
000000000
000000000
000000000
000000000
000000090
000000000
000000000
000000000
0010103C0
000000000
000000000
000000000
000000000
000000000
000000000
000000000
000000000
000000000
001000870
000000000
0006EB460
000000000
0010DB310
000000000
000000000
000000000
00830A411
000000000
00020C000
000000000
00008C440
000000000
008182083
000000000
000283147
000000000
004152900
000000000
00600FF0E
000000000
000000000
000000000
000000000
000000000
000000100
000000000
000000000
000000000
000000000
000000000
000000000
000000000
000000000
000000000
000000000
000000000
000000000
000000000
000000000
000001000
000000000
000000000
000000000
000001000
000000000
000000000
000050676
000000000
000000000
000000000
007000B16
000000000
000000000
000000000
00401001D
000000000
000000200
000000000
000000000
000000000
004020961
000000000
002083102
000000000
000000000
000000000
000000000
000000000
000001240
000000000
000000000
000000000
002016C12
000000000
000000000
000000000
001081000
000000000
000000000
000000000
0030706FB
000000000
000000000
000000000
000000000
000000000
003070E7B
000000000
000000000
000000000
000000000
000000000
000000000
000000000
000000031
000000000
004010038
000000000
000000000
000000000
000000000
000000000
000000008
000000000
000000000
000000000
000000000
000000000
000000000
000000000
000000000
000000000
000000080
000000000
000000642
000000000
000000000
000000000
000000000
000000000
002000B81
000000000
001000F25
000000000
005050808
000000000
006020ABC
000000000
007050FFD
000000000
003060359
000000000
006030EBC
000000000
0000004C2
000000000
000050B35
000080000
000000200
000000000
000000000
000000000
000000000
000000000
000000000
000000000
000000000
000000000
0000F0A38
000000000
001020029
000000000
000000000
000000000
001000000
000000000
0040106E8
000000000
000000000
000000000
000000000
000000000
002070D37
000000000
000000000
000000000
000000031
000000000
003070FE6
000000000
005070FBF
000000000
005031FFF
000000000
000000000
000000000
0050000F9
000000000
0010102DB
000000000
000000000
000000000
000000000
000000000
000000000
000000000
000000000
000000000
000000000
000000000
000000000
000000000
000000000
000000000
000000000
000000000
008000000
000000000
000000000
000000000
000000000
000000000
0020931CB
000000000
000002010
000000000
00703327B
000000000
000000000
000000000
000002000
000000000
000093F45
000000000
000080000
000000000
000002000
000000000
000000000
000000000
000000000
000000000
000000000
000000000
000000000
000000000
000000000
000000000
000000000
000000000
000000000
000000000
000000000
000000000
000000000
000000000
000000000
000000000
000000000
000000000
000000000
000000000
009048000
000000000
004023983
000000000
003083000
000000000
000000000
000000000
000000000
000000000
0001A3000
000000000
000000000
000000000
000000000
000000000
00404A005
000000000
000000000
000000000
000000000
000000000
000000000
000000000
000000000
000000000
000000000
000000000
000000000
000000000
000000000
000000000
000000000
000000000
000000000
000000000
000000000
000000000
000000000
000000000
000000000
000000000
000000000
000000000
000000000
000000000
000000000
000000000
000000000
000000000
000000000
000000000
000000000
000000000
000000000
000000000
000000000
000000000
000000000
000000000
000000000
000000000
000000000
000000000
000000000
000000000
000000000
000000000
000000000
000000000
000000000
000000000
000000000
000000000
000000000
000000000
000000000
000000000
000000000
000000000
000000000
000000000
000000000
000000000
000000000
000000000
0A506083F
000000000
0EF0D0FFE
000000000
00C040539
000000000
0DF0F0BFF
000000000
00000007A
000000000
0730706DF
000000000
0120809FC
000000000
0FF0F0FFF
000000000
0EF0F0FFF
000000000
089040B3E
000000000
004300000
000000000
000000000
000000000
000000000
000000000
000000000
000000010
000000000
000000000
000000000
000000000
000000000
000000000
000000000
000000000
0110C0401
000000000
000000302
000000000
000000000
000000000
000000000
000000000
000400000
000000000
000800000
000000000
000000000
000000000
0FDFF0707
000000000
000400000
000000000
000500000
000000000
080200000
000000000
000000000
000000000
000000000
000000000
000000000
000000000
020000100
000000000
000000000
000000000
000000000
000000000
000000000
000000000
000000000
000000000
000000000
000000000
000000000
000000000
000000000
000000000
000D00000
000000000
000E01000
000000000
000000000
000000000
000A30903
000000000
000F00800
000000000
008B00B00
000000000
000000000
000000000
000D05000
000000000
0067E0004
000000000
000F10800
000000000
000000000
000000000
000000000
000000000
000000002
000000000
000000000
000000000
061090100
000800000
000000000
000000000
000000000
000000000
000000000
000000000
000000000
000000000
000000202
000000000
014020202
000000000
093080402
000000010
000000000
000000000
020040000
000000000
000000000
000000000
010010000
000000000
0F8080006
000000000
044040006
000000000
06A080306
000000000
058010201
000000000
000000000
000000000
000000000
000000000
000000000
000000000
000000000
000000000
000000000
000000000
000000000
000000000
000000000
000000000
000000000
000000000
000000000
000000000
000000000
000000000
000000000
000000000
000000000
000000000
000000000
000000000
061060404
000000000
000000000
000000000
059010707
000000000
000000000
000000000
068080000
000000000
025000100
000000000
000000000
000000000
001400401
000000000
010000002
000000000
000000000
000000000
000000000
000000000
000000000
000000000
000000000
000000000
00B0A0600
000000000
000000000
000000000
020000200
000000000
000000000
000000000
0B50E0507
000000000
000000000
000000000
000000000
000000000
087070500
000000000
000000000
000000000
005080000
000000000
000000000
000000000
008000400
000000000
082140301
000000000
000000000
000000000
000000000
000000000
018000002
000000000
000000000
000000000
000000000
000000000
000000000
000000000
000000000
000000000
000010004
000000000
0680C0101
000000000
000000000
000000000
000000000
000000000
0C7030000
000000000
0B60C0000
000000000
026050505
000000000
0F4030705
000000000
0FB030706
000000000
0D60F0706
000000000
09B020706
000000000
010020000
000000000
056050702
000000000
000000000
000000000
000000000
000000000
000000000
000000000
000000000
000000000
000000000
000000000
0280E0203
000000000
008000000
000000000
000000000
000000000
010000002
000000000
016020202
000000000
000000000
000000000
000000000
000000000
005090703
000000000
000000000
000000000
0D0020000
000000000
0F7070707
000000000
0E5050402
000000000
0FF0F0707
000000008
000000000
000000000
04C080200
000000000
03A0E0203
000000000
000000000
000000000
000000000
000000000
080000000
000000000
000000000
000000000
000000000
000000000
000000000
000000000
000000000
000000000
000000000
000000000
000000000
000000000
000000000
000000000
000100000
000000000
06CF50207
000000000
000700800
000000000
08FF40A01
000000000
000500000
000000000
020100000
000000000
022320B02
000000000
000000000
000000000
000100000
000000000
000000000
000000000
000000000
000000000
000000000
000000000
000000000
000000000
000000000
000000000
000000000
000000000
000000000
000000000
000000000
000000000
000000000
000000000
000000000
000000000
000000000
000000000
000000000
000000000
020000808
000000000
093090002
000000000
010000008
000000000
000000000
000000000
000000000
000000000
020000008
000000000
000000000
000000000
000000000
000000000
0C0010209
000000000
000000000
000000000
000000000
000000000
000000000
000000000
000000000
000000000
000000000
000000000
000000000
000000000
000000000
000000000
000000000
000000000
000000000
000000000
000000000
000000000
000000000
000000000
000000000
000000000
000000000
000000000
000000000
000000000
000000000
000000000
000000000
000000000
000000000
000000000
000000000
000000000
000000000
000000000
000000000
000000000
000000000
000000000
000000000
000000000
000000000
000000000
000000000
000000000
000000000
000000000
000000000
000000000
000000000
000000000
000000000
000000000
000000000
000000000
000000000
000000000
000000000
000000000
000000000
000000000
000000000
000000000
000000000
000000000
01B030ECE
000000000
00F030FEA
000000000
00E030194
000000000
00E071FDF
000000000
008000043
000000000
00B07053B
000000000
00E03061F
000000000
00F071FDF
000000000
00F070F7F
000000000
001050855
000000000
000000008
000000000
000000000
000000000
000000000
000000000
000000000
000000000
000000000
000000000
000000000
000000000
000000000
000000000
000000000
000000000
0010000A8
000000000
000000000
000000000
000000000
000000000
000000000
000000000
000000000
000000000
000000000
000000000
002001000
000000000
001037FF9
000000000
020000000
000000000
000000000
000000000
000040040
000000000
000000000
000000000
000000000
000000000
000000000
000000000
000000402
000000000
000000000
000000000
000000000
000000000
000000000
000000000
000000000
000000000
000000000
000000000
000000000
000000000
000000000
000000000
000000000
000000000
004000000
000000000
000000000
000000000
000000000
000000000
000000000
000000000
000002804
000000000
000000000
000000000
000000000
000000000
003001BD9
000000000
000000000
000000000
000000000
000000000
000000000
000000000
000000000
000000000
000000000
000000000
000040274
000000000
000000000
000000000
000000000
000000000
000000000
000000000
000000000
000000000
008010BB8
000000000
018282C20
000000000
00F1260AC
000000000
000000000
000000000
008000800
000000000
018180000
000000000
028084040
000000000
0180200D8
000000000
018192310
000000000
03E0C0B9A
000000000
01B0616B6
000000000
000000000
000000000
000000000
000000000
000000000
000000000
000000000
000000000
000000000
000000000
000000000
000000000
000000000
000000000
000000000
000000000
000000000
000000000
000000000
000000000
000000000
000000000
000000000
000000000
000000000
000000000
001020410
000000000
000000000
000000000
003040614
000000000
000000000
000000000
007030240
000000000
000000001
000000000
000000000
000000000
00102192A
000000000
000000002
000000000
000000000
000000000
000000000
000000000
002000000
000000000
000001000
000000000
002011F0C
000000000
000000000
000000000
000001040
000000000
000000000
000000000
0012B1FFF
000000000
000000000
000000000
008200000
000000000
00F375DE5
000000000
000000000
000000000
004284023
000000000
000080000
000000000
009081000
000000000
0070C1A93
000000000
000000000
000000000
000000000
000000000
004020884
000000000
000000000
000000000
000000000
000000000
000000000
000000000
000000000
000000000
000000000
000000000
004030202
000000000
000000000
000000000
000000000
000000000
00100018F
000000000
00001197E
000000000
004020277
000000000
005001A8F
000000000
003070DFD
000000000
007071EF3
000000000
001030334
000000000
000020080
000000000
006041620
000000000
000000000
000000000
000000000
000000000
000000000
000000000
000000000
000000000
000000000
000000000
0000403D5
000000000
002000100
000000000
000000000
000000000
0000A0060
000000000
006084D5A
000000000
000100000
000000000
000000000
000000000
006090E7A
000000000
000000000
000000000
002000063
000000000
007050FCF
000000000
003070EFF
000000000
007035FFF
000000000
000000000
000000000
0050C0334
000000000
0070309DC
000000000
000000000
000000000
000000000
000000000
000000000
000000000
000000000
000000000
000000000
000000000
000000000
000000000
000000000
000000000
000000000
000000000
000000000
000000000
000000000
080000000
000000000
000000000
00306000E
000000000
000000020
000000000
00E070A92
000100000
000000000
000000000
001000000
000000000
00A000886
000000000
000000000
000000000
000000000
000100000
000000000
000000000
000000000
000000000
000000000
000000000
070000000
000000000
000000000
000000000
040000000
000000000
000000000
000000000
000000000
000000000
000000000
000000000
000000000
000000000
000000000
000000000
010200000
000000000
018112161
000000000
01E18EA63
000000000
03938E410
000000000
000000000
000000000
000000000
000000000
0D0386000
000000000
000000000
000000000
000000000
000000000
0003D2008
000000000
000000000
000000000
000000000
000000000
000000000
020000000
000000000
000000000
000000000
000000000
000000000
000000000
000000000
010000000
000000000
000000000
000000000
010000000
000000000
000000000
000000000
000000000
000000000
000000000
000000000
000000000
000000000
000000000
000000000
000000000
000000000
000000000
000000000
000000000
000000000
000000000
000000000
000000000
000000000
000000000
000000000
000000000
000000000
000000000
000000000
000000000
000000000
000000000
000000000
000000000
000000000
000000000
000000000
000000000
000000000
000000000
000000000
000000000
000000000
000000000
000000000
000000000
000000000
000000000
000000000
000000000
000000000
000000000
07F09070F
000000000
0FF0E0517
000001000
091090C09
000000000
0BF0B061E
000000000
008000004
000000000
00A0F041B
000000000
00B000208
000000000
0FF0F030F
000000000
0FF0F070F
000000000
0680D030F
000000000
000000006
000000000
000000000
000000000
000000000
000000000
000000000
000000000
000000000
000000000
000000000
000000000
000000000
000000000
000000000
000000000
012000007
000000000
000030000
000000000
000100000
000000000
000000000
000000000
000100000
000000000
000800000
000000000
080100000
000000000
0F7F80707
000000000
000000000
000000000
080000000
000000000
000100000
000000000
000000000
000000000
000000000
000000000
000000000
000000000
004020102
000000000
000000000
000400000
000000000
000000000
000000000
000000000
000000000
000000000
000000000
000000000
000000000
000000000
000000000
000000000
000001000
000000000
020000800
000000000
000000000
000000000
0000A0102
000000000
000001800
000000000
006201202
000000000
000000000
000000000
000000800
000000000
036171800
000000000
040101800
000000000
000000000
000000000
000000000
000000000
000000000
000000000
000000000
000000000
084000601
000000000
000000000
000000000
000000000
000000000
000000000
000000000
000000000
000000000
009000203
000000000
02C060003
000000000
0A4000501
000000000
000000000
000000000
010010000
000000000
000000000
000000000
040000100
000000000
0CA070000
000000000
088040003
000000000
00D01010B
000000000
04D010600
000000000
000000000
000000000
000000000
000000000
000500000
000000000
000000000
000000000
000000000
000000000
000000000
000000000
000000000
000000000
000000000
000000000
000000000
000000000
000000000
000000000
000000000
000000000
000000000
000000000
000000000
000000000
0CA070301
000000000
000000000
000000000
091190400
000000008
000000000
000000000
012140704
000000000
000010100
000000000
000000000
000000000
0E2020101
000000000
000000000
000000000
000000000
000000000
000000000
000000000
000000001
000000000
000000000
000000000
028030301
000000000
000000000
000000000
000080001
000000000
000000010
000000000
07D060D04
000000000
000000000
000000000
000000000
000000000
0E70E0302
000000000
000000000
000000000
004000100
000000000
000000000
000000000
000080000
000000000
0B60E0105
000000000
000000000
000000000
000000000
000000000
000000000
000000000
000000000
000000000
000000000
000000000
000000000
000000000
000000000
000000000
004000000
000000000
000000101
000000000
020000000
000000000
000000000
000000000
014030200
000000000
019010403
000000000
024000002
000000000
005020407
000000000
01F060705
000000000
09A070302
000000000
002070700
000000000
0000C0500
000000000
011050606
000000000
008000002
000000000
000000000
000000000
000000000
000000000
000000000
000000000
000000000
000000000
031100000
000000000
090080000
000000000
000000000
000000000
000080000
000000000
097000405
000000000
000000000
000000000
000000000
000000000
0D6170207
000000000
000000000
000000000
051000003
000000000
0FF1F0507
000000000
05F010F01
000000000
0DF1F0F03
000000000
000000000
000000000
008030000
000000000
0001C0402
000000000
000000000
000000000
000000000
000000000
000000000
000000000
000000000
000000000
000000000
000000000
000000000
000000000
000000000
000000000
000000000
000000000
000000000
000000000
000000000
000000000
000000000
000000000
088050505
000000000
000100000
000000000
0B01D0509
000000000
000000000
000000000
000100000
000000000
00E100702
000000000
000000000
000000000
000000000
000000000
000000000
000000000
000000000
000000000
000000000
000000000
000000000
000000000
000000000
000000000
000000000
000000000
000000000
000000000
000000000
000000000
000000000
000000000
000000000
000000000
000000000
000000000
000000008
000000000
000000008
000000000
05A05010A
000000000
08400021C
000000000
000000000
000000000
000000000
000000000
000000000
000000000
000000000
000000000
000000000
000000000
0420A0518
000000000
000000000
000000000
000000000
000000000
000000000
000000000
000000000
000000000
000000000
000000000
000000000
000000000
000000000
000000000
000000000
000000000
000000000
000000000
000000000
000000000
000000000
000000000
000000000
000000000
000000000
000000000
000000000
000000000
000000000
000000000
000000000
000000000
000000000
000000000
000000000
000000000
000000000
000000000
000000000
000000000
000000000
000000000
000000000
000000000
000000000
000000000
000000000
000000000
000000000
000000000
000000000
000000000
000000000
000000000
000000000
000000000
000000000
000000000
000000000
000000000
000000000
000000000
000000000
000000000
000000000
000000000
000000000
000000000
00703174F
000000000
0070716FB
000000000
00003191C
000000000
005033FFB
000000000
000020801
000000000
00201343B
000000000
00501020B
000000000
007071FFF
000000000
007073FFF
000000000
003020D50
000000000
000000000
000000000
000000000
000000000
000000000
000000000
000000000
000000000
000000000
000000000
000000000
000000000
000000000
000000000
000180000
000000000
00101044A
000000000
000000000
000000000
000000000
000000000
000000000
000000000
000000000
000000000
000000000
000000000
000000000
000000000
0070FDBFF
000000000
000000000
000000000
000104000
000000000
000004000
000000000
000000000
000000000
000000000
000000000
000000008
000000000
004000000
000000000
000000000
000000000
000000000
000000000
000000000
000000000
000000000
000000000
000000000
000000000
000000000
000000000
000000000
000000000
000000000
000000000
000000000
000000000
000000000
000000000
004000200
000000000
001000000
000000000
00004150A
000000000
000000000
000000000
000000000
000000000
00700021E
000000000
000000000
000000000
000000000
000000000
000000000
000000000
000000000
000000000
000080000
000000000
001010A25
000000000
000000000
000000000
000000000
000000000
000000000
000000000
000000000
000000000
0030C1EB6
000000000
00A000000
000000000
00F031B19
000000000
000000000
000000000
008000200
000000000
000000000
000000000
008000008
000000000
00A060A9F
000000000
00A05011C
000000000
00F050401
000000000
00C020A5C
000000000
000000000
000000000
000000000
000000000
000000000
000000000
000000000
000000000
000000000
000000000
000000000
000000000
000000000
000000000
000000000
000000000
000000000
000000000
000000000
000000000
000000000
000000000
000000000
000000000
000000000
000000000
001010000
000000000
000000000
000000000
00103050D
000000000
000000000
000000000
002120801
000000000
000000402
000000000
000000000
000000000
000000C40
000000000
004000105
000000000
000000000
000000000
000000000
000000000
000000000
000000000
000000000
000000000
000020438
000000000
000000000
000000000
004000000
000000000
000000000
000000000
0070D11D3
000000000
000000000
000000000
000000000
000000000
0030F1F82
000000000
000000000
000000000
000080430
000000000
000000000
000000000
000010400
000000000
001010262
000000000
000000000
000000000
000000000
000000000
000060004
000000000
000000000
000000000
000000000
000000000
000000000
000000000
000000000
000000000
004000480
000000000
000030A50
000000000
002000044
000000000
000000000
000000000
0040A0803
000000000
0060B1B10
000000000
0000C1001
000000000
0030322F6
000000000
0070272DF
000000000
007073D5B
000000000
005060B7D
000000000
0020228C7
000000000
007044C31
000000000
000000000
000000000
000000000
000000000
000000000
000000000
000000000
000000000
000000000
000000000
004050C94
000000000
000000005
000000000
000000000
000000000
002000000
000000000
006001E00
000000000
000100000
000000000
000000000
000000000
00705F4FE
000000000
000000000
000000000
000014602
000000000
007073F7A
000000000
0070253BC
000000000
0070FBBFE
000000000
000000000
000000000
00102032D
000000000
00502D848
000000000
000000000
000000000
000000000
000000000
001000020
000000000
000000000
000000000
000000000
000000000
000000000
000000000
000000000
000000000
000000000
000000000
000000000
000000000
000000000
000000000
000000000
000000000
0090119BE
000000000
008000000
000000000
00F050FDD
000000000
000000000
000000000
000000000
000000000
00C0218A0
000000000
008000000
000100000
000000000
000000000
000000000
000000000
000000000
000000000
000000000
000000000
000002000
000000000
000000000
000000000
000000000
000000000
000000000
000000000
000000000
000000000
000000000
000000000
000000000
000000000
000000000
000000000
000000000
000000000
008000008
000000000
01C011C32
000000000
008010400
000000000
000000000
000000000
000000000
000000000
000000000
000000000
000000000
000000000
000000000
000000000
00C020450
000000000
000000000
000000000
000000000
000000000
000000000
000000000
000000000
000000000
000000000
000000000
000000000
000000000
000000000
000000000
000000000
000000000
000000000
000000000
000000000
000000000
000000000
000000000
000000000
000000000
000000000
000000000
000000000
000000000
000000000
000000000
000000000
000000000
000000000
000000000
000000000
000000000
000000000
000000000
000000000
000000000
000000000
000000000
000000000
000000000
000000000
000000000
000000000
000000000
000000000
000000000
000000000
000000000
000000000
000000000
000000000
000000000
000000000
000000000
000000000
000000000
000000000
000000000
000000000
000000000
000000000
000000000
000000000
000000000
036070501
000000000
0BE0F0707
000000000
07F090606
000000000
0FF0B0707
000000000
000080000
000000000
0640B0704
000000000
0A8040406
000000000
0FF1F0707
000000000
0FD0F0707
000000000
06D180401
000000000
002000000
000000000
000000000
000000000
000000000
000000000
000000000
000000000
000000000
000000000
000000000
000000000
000000000
000000000
000000000
000000000
000000002
000000000
000040000
000000000
000000000
000000000
000000000
000000000
000000000
000000000
000000000
000000000
002000000
000000000
0030F0305
000000000
000000000
000000000
000000000
000000000
000000000
000000000
000000000
000000000
000000000
000000000
000000000
000000000
018000002
000000000
000000000
000000000
000000000
000000000
000000000
000000000
000000000
000000000
000000000
000000000
000000000
000000000
000000000
000000000
000000000
000000000
000000000
000000000
000000000
000000000
000000204
000000000
000000000
000000000
010000000
000000000
000000000
000000000
000000000
000000000
006050104
000000000
000000000
000000000
000000000
000000000
000000000
000000000
080180200
000000000
000000000
000000000
0BB000501
000000000
000000000
000000000
000000000
000000000
000E00000
000000000
000000000
000000000
0BE010500
000000000
083000104
000000000
0EB0A0307
000000000
000000000
000000000
000020001
000000000
000000000
000000000
001000000
000000000
000050004
000000000
026050200
000000000
04A090302
000000000
039010101
000000000
000000000
000000000
000000000
000000000
000000000
000000000
000000000
000000000
000000000
000000000
000000000
000000000
000000000
000000000
000000000
000000000
000000000
000000000
000400000
000000000
000000000
000000000
040600000
000000000
000000000
000000000
05C3C0401
000000000
000000000
000000000
01AFE0903
000000000
000000000
000000000
0DC2D0800
000000000
030700800
000000000
000000000
000000000
014040204
000000000
001010200
000000000
000000000
000000000
000000000
000000000
000000000
000000000
000000000
000000000
00B030606
000000000
000000000
000000000
000000200
000000000
000000000
000000000
0E30E0706
000000000
000000000
000000000
000000000
000000000
0D40D0203
000000000
000000000
000000000
000000000
000000000
000000000
000000000
000240001
000000000
0410A0206
000000000
000000000
000000000
000000000
000000000
004000403
000000000
000000000
000000000
000000000
000000000
000000000
000000000
000000000
000000000
000000000
000000000
000040001
000000000
000040000
000000000
000000000
000000000
000050600
000000000
008050009
000000000
00E020007
000000000
00E070108
000000000
00F070305
000000000
01B070703
000000000
01105040F
000000000
000060400
000000000
01506000B
000000000
000000000
000000000
000000000
000000000
000000000
000000000
000000000
000000000
000000000
000000000
05C070401
000000000
0601A0800
000000000
000000000
000000000
048220400
000000000
0630F0006
000000000
000000000
000000000
000303800
000000000
0CFDF1F00
000000000
000000000
000000000
086D07902
000000000
0EFFF3D0F
000000000
0F3BEFF0B
000000000
09EF67F0E
000000000
000001000
000000000
021E19A04
000000000
05DD9FF0D
000000000
000000000
000001000
000000000
000000000
000000000
000000000
000000000
000000000
000000000
000001000
000000000
000000000
000000000
000000000
000000000
000000000
000000000
000000000
000000000
000000000
000000000
000000000
0F500010B
000000000
000000000
000000000
0DC08000D
000000000
000000000
000000000
000000000
000000000
0598A0601
000000000
000000008
000000000
000000000
000000000
000000000
000000000
000000000
000000000
000000000
000000000
000000000
000000000
000000000
000000000
000000000
000000000
000000000
000000000
000000000
000000000
000000000
000000000
000000000
000000000
000000000
000000000
000000000
000000000
028000000
000000000
03801010B
000000000
000000208
000000000
000000000
000000000
000000000
000000000
000000000
000000000
000000000
000000000
000000000
000000000
080040000
000000000
000000000
000000000
000000000
000000000
000000000
000000000
000000000
000000000
000000000
000000000
000000000
000000000
000000000
000000000
000000000
000000000
000000000
000000000
000000000
000000000
000000000
000000000
000000000
000000000
000000000
000000000
000000000
000000000
000000000
000000000
000000000
000000000
000000000
000000000
000000000
000000000
000000000
000000000
000000000
000000000
000000000
000000000
000000000
000000000
000000000
000000000
000000000
000000000
000000000
000000000
000000000
000000000
000000000
000000000
000000000
000000000
000000000
000000000
000000000
000000000
000000000
000000000
000000000
000000000
000000000
000000000
000000000
000000000
0070CFDFF
000000000
00707D7F8
000000000
00405D0FA
000000000
0070FFFFF
000000000
0000C6200
000000000
0070BFFC4
000000000
0050D9111
000000000
0070FFFFF
000000000
0070FFFFB
000000000
00108A04A
000000000
000000010
000000000
000000000
000000000
000000000
000000000
000000000
000000000
000000000
000000000
000000000
000000000
000000000
000000000
000000000
000000000
00004056E
000000000
004000001
000000000
000000000
000000000
000100000
000000000
000000000
000000000
000000000
000000000
000100004
000000000
0070FFF7F
000000000
000000000
000000000
000400000
000000000
002084000
000000000
000000000
000000000
000000000
000000000
000000000
000000000
000001000
000000000
000000000
000000000
000000000
000000000
000000000
000000000
000000000
000000000
000000000
000000000
000000000
000000000
000000000
000000000
000000000
000000000
000000000
000000000
000000000
000000000
003000210
000000000
000000000
000000000
000020814
008000000
000000000
000000000
000000000
000000000
00306044E
000000000
000000000
000000000
000000000
000000000
000000000
000000000
000000288
000000000
000080000
000000000
0050C2082
000000000
000000000
000000000
000000000
000000000
000000000
000000000
000000000
000000000
007010D01
000000000
000050442
000000000
004061936
000000000
000000000
000000000
000000808
000000000
000000000
000000000
000001800
000000000
004000BD7
000000000
001001280
000000000
00104065B
000000000
0030111AD
000000000
000000000
000000000
000000000
000000000
000008000
000000000
000000000
000000000
000000000
000000000
000000000
000000000
000000000
000000000
000000000
000000000
000000000
000000000
000000000
000000000
000000000
000000000
000C00000
000000000
000000000
000000000
00D121322
000000000
000000000
000000000
004BE245D
000000000
000000000
000000000
0060031C5
000000000
000390004
000000000
000000000
000000000
000000822
000000000
000000300
000000000
000000000
000000000
000000000
000000000
001020000
010000000
000000000
000000000
00004012A
000000000
000000000
000000000
004011011
000000000
000000000
000000000
001010C7A
000000000
000000000
000100000
000000000
000000000
00703035D
000000000
000000000
000000000
000010000
000000000
000000000
000000000
00300000A
000000000
0020407B6
000000000
000000000
000000000
000000000
000000000
000051100
000000000
000000000
000000000
000000000
000000000
000000000
000000000
000000000
000000000
00008C000
000000000
00000000F
000000000
001008000
000000000
000000000
000000000
00934C26B
000000000
00815E383
000000000
001191C04
000000000
0071572C2
000000000
00B3EA7FD
000000000
00F16FF7F
000000000
00B17C5D4
000000000
0090812C4
000000000
0073306CB
000000000
000000000
000000000
000000000
000000000
000000000
000000000
000000000
000000000
000000000
000000000
005020304
000000000
0000010A0
000000000
000000000
000000000
004021410
000000000
0030218D0
000000000
000000000
000000000
001000000
000000000
0070E6BEC
000000000
000000000
000000000
003024090
000000000
00707BFFB
000000000
00707BBF3
000000000
00707B7FF
000000000
000000000
000000000
0020607A4
000000000
00201A29C
000000000
000000000
000000000
000000000
000000000
000000000
000000000
000000140
000000000
000000000
000000000
000000000
000000000
000000000
000000000
000000000
000000000
000000000
000000000
000000000
000000000
000000000
000000000
0050C5C9C
000000000
000000000
000000000
00704727C
000000000
000000000
000000000
000000004
000000000
000042134
000000000
000000000
000000000
000000000
000000000
000000000
000000000
000000000
000000000
000000000
000000000
000000000
000000000
000000000
000000000
000000000
000000000
000000000
000000000
000000000
000000000
000000000
000000000
000000000
000000000
000000000
000000000
000000000
000000000
000068004
000000000
007013AB4
000000000
000004020
000000000
000000000
000000000
000000000
000000000
000014000
000000000
000000000
000000000
000000000
000000000
00604008C
000000000
000000000
000000000
000000000
000000000
000000000
000000000
000000000
000000000
000000000
000000000
000000000
000000000
000000000
000000000
000000000
000000000
000000000
000000000
000000000
000000000
000000000
000000000
000000000
000000000
000000000
000000000
000000000
000000000
000000000
000000000
000000000
000000000
000000000
000000000
000000000
000000000
000000000
000000000
000000000
000000000
000000000
000000000
000000000
000000000
000000000
000000000
000000000
000000000
000000000
000000000
000000000
000000000
000000000
000000000
000000000
000000000
000000000
000000000
000000000
000000000
000000000
000000000
000000000
000000000
000000000
000000000
000000000
000000000
0FD7E0A01
000000000
0DB3D0B06
000000000
0F6370A02
000000000
03F1B0F07
000000000
000040A03
000000000
02A530F03
000000000
0E5340A01
000000000
0DF7F0F07
000000000
0FF3F0F07
000000000
018260002
000000000
000000000
000000000
000000000
000000000
000000000
000000000
000000000
000000000
000000000
000000000
000000000
000000000
000000000
000000000
000000000
000000000
012040000
000000000
000000000
000000000
000000000
000000000
000000000
000000000
000000000
000000000
000000000
000000000
002000100
000000000
007070707
000000000
000000000
000000000
000000000
000000000
000000000
000000000
000000000
000000000
000000000
000000000
000000800
000000000
0820D0100
000000000
000000000
000000000
000000000
000000000
000000000
000000000
020000800
000000000
000000000
000000000
000000000
000000000
000000000
000000000
000000000
000000000
000000000
000000000
000000000
000000000
000000000
000000000
000000000
000000000
004040600
000000000
000000000
000000000
000000000
000000000
005040204
000000000
000000000
000000000
000000000
000000000
000000000
000000000
054980800
000000000
020080000
000000000
0F0710207
000000000
000000000
000000000
000000000
000000000
090280000
000000000
000000000
000000000
0FE040700
000000000
010090002
000000000
07C0E0807
000000000
000000000
000000000
023000000
000000000
000000000
000000000
0800A0000
000000000
028080104
000000000
090000000
000000000
0D1100402
000000000
012010403
000000000
000000000
000000000
000000000
000000000
000000004
000000000
000000000
000000000
000000000
000000000
000000000
000000000
000000000
000000000
000000000
000000000
000000000
000000000
000000000
000000000
000000000
000000000
000400000
000000000
000000000
000000000
05C5D0602
000000000
000000000
000000000
020F60500
000000000
000001000
000000000
082201D02
000000000
081801800
000000000
000000000
000000000
002000402
000000000
000010000
000000000
000000000
000000000
000000000
000000000
000000000
000000000
000000000
000000000
008000005
000000000
000000000
000000000
000040400
000000000
000000000
000000000
00F730202
000000000
000000000
000000000
000000000
000000000
0FFBF0E07
000000000
000000000
000000000
000880000
000000000
000000000
000000000
010821900
000000000
09D101105
000000000
000000000
000000000
000000000
000000000
004030000
000000000
000000000
000000000
000000000
000000000
000000000
000000000
000000000
000000000
002000006
000000000
00C020004
000000000
000000400
000000000
000000000
000000000
012000106
000000000
003020507
000000000
0850C0003
000000000
00C000703
000000000
03F0F0607
000000000
0DF040705
000000000
052010503
000000000
02B000204
000000000
0A9000704
000000000
000040000
000000000
000000000
000000000
000000000
000000000
000000000
000000000
000000000
000000000
004000102
000000000
000601002
000000000
000000000
000000000
000110004
000000000
004010001
000000000
000000000
000000000
000C8E818
000000000
05EE33304
000000000
000000000
000000000
02238FF1A
000000000
0FFFEFF1F
000000000
069EEFF1F
000000000
0BFFFEF1F
000000000
000000000
000000000
09AC1E618
000000000
0C56EBA0E
000000000
000000000
000000000
000000000
000000010
000000000
000000000
000000000
000000000
000000000
000000000
000000000
000001000
000000000
000000000
000000000
000000000
000000000
000004000
000000000
000000000
000000000
000000000
049050204
000000000
000000002
000000000
0E90B0704
000000000
000000000
000000000
000300000
000000000
095000C05
000000000
000000000
000000000
000000000
000000000
000000000
000000000
000000000
000000000
000000000
000000000
000000000
000000000
000000000
000000000
000000000
000000000
000000000
000000000
000000000
000000000
000000000
000000000
000000000
000000000
000000000
000000000
000000000
000000000
000080600
000000000
07F050603
000000000
020000004
000000000
000000000
000000000
000000000
000000000
000080000
000000000
000000000
000000000
000000000
000000000
0110A0402
000000000
000000000
000000000
000000000
000000000
000000000
000000000
000000000
000000000
000000000
000000000
000000000
000000000
000000000
000000000
000000000
000000000
000000000
000000000
000000000
000000000
000000000
000000000
000000000
000000000
000000000
000000000
000000000
000000000
000000000
000000000
000000000
000000000
000000000
000000000
000000000
000000000
000000000
000000000
000000000
000000000
000000000
000000000
000000000
000000000
000000000
000000000
000000000
000000000
000000000
000000000
000000000
000000000
000000000
000000000
000000000
000000000
000000000
000000000
000000000
000000000
000000000
000000000
000000000
000000000
000000000
000000000
100000000
0A5010000
0E0000000
000000030
008200000
000000010
0D0300000
000000000
050F00000
000806010
008F00000
000105010
0E0700000
000300000
0D0100000
04008A000
090000000
000A07070
008D00000
000000010
0D0086000
0000090B0
00008E000
000000890
030F04000
000C00808
0E0A00000
0002008E0
000000000
000A008A0
0E0C00000
00000D008
008B00000
0000080D0
0F0100000
000002030
02070A000
00000E0D0
080000000
00000C070
0F0400000
000008070
010000000
00000D0B0
000000000
000A0B000
040300000
000E030C0
008B00000
0000010F0
030400000
040903030
0F0900000
0A008B030
010300000
000501000
0C0088000
00040F0C0
000C08000
00000E030
020000000
0000000B0
0B0000000
000000090
0F0C00000
0000000C0
008B04000
000000050
050B06000
000000008
010000000
000000070
070800000
000000090
070900000
000000080
0E0708000
000800000
0A0082000
0007030E0
008F0C000
000805008
050700000
000000000
0B0F00000
000000000
00808D000
000000040
00850C000
0000000A0
070000000
000000050
050000000
000000070
070900000
00060D008
008300000
090080808
030100000
000900808
008082000
0004090B0
02070D000
000000000
050F0E000
000000080
008300000
0000080B0
020000000
000002008
050A00000
00000C008
008900000
000000050
008200000
000002008
0D0300000
00000D0E0
040900000
0000030A0
000000000
00000D0E0
000000000
0000060B0
040000000
000008008
0F0800000
0008050F0
008A00000
000D0D010
008308000
000200808
050082000
000808020
000B06000
000000000
030086000
0000000A0
0D0D0E000
0000000F0
020000000
000004008
0B0400000
000000050
0D0084000
000000000
0F0F02000
000000010
008081000
00000C008
080008000
00000A0F0
000000000
0000060D0
0C0000000
0000040F0
0F0200000
000607008
008086000
000C0D0F0
0D070E000
100000000
0A5020000
000040804
000010303
000030020
000000000
000300000
000000000
004000800
008000401
002100400
008000000
010000010
0A2002000
000010000
000000101
000000000
000000000
000000001
00109C840
040000008
000001000
000008008
008000000
000000800
001000020
000240000
080000000
000121000
002000000
040000000
000000810
000000080
020C00480
000004010
080000000
000000200
000450010
000004000
001000200
000000402
000000000
000004000
040000000
001000000
000000000
002000080
000000000
040000000
000000080
000088002
000000000
010300000
000200000
000102000
000002000
000040000
000008100
000200002
080000108
000000400
000002020
080000060
008800000
000000000
000000000
000200180
000140000
001010000
004800020
044800000
050000000
000000800
000000000
050000002
000180410
000000040
000002100
002000004
000000000
080000020
000000000
041000000
040019300
044080004
000000020
000102008
000004000
040000000
008000000
000000000
000002000
000000700
000800000
020000020
001090030
000000000
000144000
000002008
000000020
080000800
002060008
002800020
000001020
010000000
000300000
080000000
000040120
020002020
000000000
000200001
006080200
000020020
000004001
000000200
000400000
020000040
000042018
001200202
014041000
001000000
004002084
000020000
008000040
000020000
000000000
000000004
000000000
000000000
000001010
010408000
000001000
000000020
000080000
000020000
000800000
000010000
004000000
000000080
020000000
040010120
000000080
000000014
000010000
080002000
000000801
000000800
000000010
001004000
000008000
000004420
000040410
000000000
020020000
000002800
000000802
040800800
002000000
000000020
040200080
000000000
01002050A
000000000
000004200
000000208
000000000
000001840
004084000
000100100
000000000
008000000
000210080
000000000
000200001
000300000
009000013
060008422
000000000
000000020
000000000
004004001
000000040
000800000
000000000
040009400
000020002
010000030
000004100
000000110
008000004
000000000
000000000
050000400
000003000
004000020
000414420
180000008
0A5010000
0A1664FAE
06E1402A1
0E6743637
0FBF27F82
03C9B9755
0CAF4903E
00A698951
0699F355C
0D785EB7E
0FD5A6141
0862BD84B
042BDFE97
0A2289B3F
04C420825
05752A857
0BF64BDF4
008C4A491
13C65F292
0A5020000
00008140A
000071010
0007000C8
000000000
0070FEAFF
000000000
0070FBFFF
000000000
006096A10
000000000
00707FFED
000000000
000000804
000000000
006055F1F
000000000
001001282
000000000
0050FFFFD
000000000
0060EFDFF
000000000
001068116
000000000
000000008
000000000
000000000
000000000
000000000
000000000
000000000
000000000
000000000
000000000
000000000
000000000
000000000
000000000
000000000
000000000
005051407
000000000
004020101
000000000
000000000
000000000
000000000
000000000
000000000
000000000
000000000
000000000
000100808
000000000
0070DF7FF
000000000
000000000
000000000
000404000
000000000
000004080
000000000
000100000
000000000
000000000
000000000
000000000
000000000
000000000
000000000
000000000
000000000
000000000
000000000
000000000
000000000
000000000
000000000
000000000
000000000
000000000
000000000
000000000
000000000
000000000
000000000
000000000
000000000
000000000
000000000
0000008E1
000000000
000000000
000000000
004020803
000000000
000000000
000000000
000000000
000000000
0040016E9
000000000
000000008
000000000
000000000
000000000
000000000
000000000
000000020
000000000
000000000
000000000
002060C21
000000000
000000000
000000000
000000000
000000000
000000000
000000000
000000000
000000000
000010068
000000000
004001104
000000000
005030A07
000000000
000000000
000000000
000000018
000000000
000000000
000000000
000000000
000000000
0000A0128
000000000
004060EA6
000000000
004010515
000000000
007000384
000000000
000100000
000000000
000000000
000000000
000000000
000000000
000000000
000000000
000000000
000000000
000000000
000000000
000000000
000000000
000000000
000000000
000000000
000000000
000000000
000000000
000000000
000000000
008C01000
000000000
000000000
000000000
00070408C
000000000
000000000
000000000
00A18A07E
000000000
000000000
000000000
00A10DDF0
000000000
00A72A000
000000000
000000000
000000000
001050031
000000000
000040200
000000000
000000000
000000000
000000000
000000000
000000001
000000000
000000000
000000000
001071CC3
000000000
000000000
000000000
000000024
000000000
000000000
000000000
007031776
000000000
000000000
000000000
000000000
000000000
0040517AA
000000000
000000000
000000000
004000810
000000000
000000000
000000000
000000002
000000000
000000857
000000000
000000000
000000000
000000020
000000000
000000010
000000000
000000000
000000000
000000000
000000000
000000000
000000000
000000000
000000000
004134000
000000000
007000330
000000000
000104004
000000000
000000000
000000000
0023BE03F
000000000
00411B63F
000000000
009168F51
000000000
0050AF474
000000000
0063FFCFF
000000000
0070FAEF8
000000000
0030BEE5B
000000000
000022901
000000000
0011A34A2
000000000
000000000
000000000
000000000
000000000
000000000
000000000
000000000
000000000
000000000
000000000
0000115AA
000000000
000000240
000000000
000000000
000000000
001000030
000000000
007030F32
000000000
000000000
000000000
000000000
000000000
0050FFD9D
000000000
000000000
000000000
0030004A4
000000000
0070D3FCC
000000000
0050D27AF
000000000
0050F2DEF
000000000
000000000
000000000
000050603
000000000
004050EFE
000000000
000000000
000000000
000000000
000000000
000000102
000000000
000000000
000000000
000000000
000000000
000000000
000000000
000000000
000000000
000000000
000000000
000000000
000000000
000000000
000000000
000000000
000000000
00605CC76
000000000
000000000
000000000
0070C1698
000000000
000000000
000000000
000000000
000000000
000033044
000000000
000000000
000000000
000000000
000000000
000000000
000000000
000000000
000000000
000000000
000000000
000000000
000000000
000000000
000000000
000000000
000000000
000000000
000000000
000000000
000000000
000000000
000000000
000000000
000000000
000000000
000000000
000000000
000000000
0010C3012
000000000
001013C53
000000000
000080200
000000000
000000000
000000000
000000000
000000000
000000010
000000000
000000000
000000000
000000000
000000000
00608492C
000000000
000000000
000000000
000000000
000000000
000000000
000000000
000000000
000000000
000000000
000000000
000000000
000000000
000000000
000000000
000000000
000000000
000000000
000000000
000000000
000000000
000000000
000000000
000000000
000000000
000000000
000000000
000000000
000000000
000000000
000000000
000000000
000000000
000000000
000000000
000000000
000000000
000000000
000000000
000000000
000000000
000000000
000000000
000000000
000000000
000000000
000000000
000000000
000000000
000000000
000000000
000000000
000000000
000000000
000000000
000000000
000000000
000000000
000000000
000000000
000000000
000000000
000000000
000000000
000000000
000000000
000000000
000000000
000000000
0E8670D07
000000000
0BF6E0C06
000000000
07C760A03
000000000
0CF7F0703
000000000
040800000
000000000
0EF7C0707
000000000
04E520E08
000000000
0FF7F0D0F
000000000
0FF7E0F07
000000000
01AB00102
000000000
000000000
000000000
000000000
000000000
000000000
000000000
000000000
000000000
000000000
000000000
000000000
000000000
000000000
000000000
000000000
000000000
082050304
000000000
012000200
000000000
000000000
000000000
000000000
000000000
000000000
000000000
000000000
000000000
000000000
000000000
0EB3A0B0F
000000000
000000000
000000000
000020000
000000000
000000008
000000000
000000000
000000000
000000000
000000000
000000000
000000000
000000000
000000000
000000000
000000000
000000000
000000000
000000000
000000000
000000000
000000000
000000000
000000000
000000000
000000000
000000000
000000000
000800000
000000000
040100000
000000000
000000000
000000000
000F01200
000000000
084140000
000000000
006300002
000000000
000000000
000000000
000000000
000000000
0AF780906
000000000
040000000
000000000
000000000
000000000
000000000
000000000
000000000
000000000
000000000
000000000
0C0000007
000000000
000000000
000000000
000000000
000000000
000000000
000000000
000000000
000000000
040010204
000000000
007080000
000000000
0DA080106
000000000
000000000
000000000
004010000
000000000
000000000
000000000
000000000
000000000
000040007
000000000
0500E0003
000000000
091150A00
000000000
0B8050604
000000000
000000000
000000000
000000000
000000000
000000000
000000000
000000000
000000000
000000000
000000000
000000000
000000000
000000000
000000000
000000000
000000000
000000000
000000000
000000000
000000000
000000000
000000000
000800000
000000000
000000000
000000000
008860804
000000000
000000000
000000000
080250D07
000000000
000000000
000000000
00EA31507
000000000
000042A00
000000000
000000000
000000000
00C040001
000000000
000000002
000000000
000000000
000000000
000000000
000000000
008040000
000000000
000000000
000000000
01B070505
000000000
000000000
000000000
008000000
000000000
000000000
000000000
0710F0007
000000000
000000000
000000000
000000000
000000000
0BF060707
000000000
000000000
000000000
020000100
000000000
000000000
000000000
058000000
000000000
0DE020607
000000000
000000000
000000000
000000000
000000000
000E01008
000000000
000000000
000000000
000000000
000000000
000000000
000000000
000000000
000000000
000100404
000000000
00B610001
000000000
004000000
000000000
000000000
000000000
0A3520502
000000000
080222E01
000000000
0CA880A00
000000000
0DA9A1207
000000000
0FDF70F07
000000000
0BEFA0D07
000000000
09F572D07
000000000
020C22201
000000000
060E80C06
000000000
000000000
000000000
000000000
000000000
000000000
000000000
000000000
000000000
000000000
000000000
082000104
000000000
000000002
000000000
000000000
000000000
008000000
000000000
018020201
000000000
000000000
000000000
000000000
000000000
00B070706
000000000
000000000
000000000
000040100
000000000
017070707
000000000
01F070505
000000000
00F070707
000000000
000000000
000000000
003000005
000000000
00A050607
000000000
000000000
000000000
000000000
000000000
000080000
000000000
000000000
000000000
000000000
000000000
000000000
000000000
000000000
000000000
000000000
000000000
000100008
000000000
000000000
000000000
000000000
000000000
090340606
000000000
000100800
000000000
0D73D0B04
000000000
000000000
000000000
000100000
000000000
0690C0B00
000000000
000100000
000000000
000000000
000000000
000000000
000000000
000000000
000000000
000000000
000000000
000000000
000000000
000000000
000000000
000000000
000000000
000000000
000000000
000000000
000000000
000000000
000000000
000000000
000000000
000000000
000000000
000000000
000000000
020000004
000000000
00D080C00
000000000
002000000
000000000
000000000
000000000
000000000
000000000
000000008
000000000
000000000
000000000
000000000
000000000
00705040D
000000000
000000000
000000000
000000000
000000000
000000000
000000000
000000000
000000000
000000000
000000000
000000000
000000000
000000000
000000000
000000000
000000000
000000000
000000000
000000000
000000000
000000000
000000000
000000000
000000000
000000000
000000000
000000000
000000000
000000000
000000000
000000000
000000000
000000000
000000000
000000000
000000000
000000000
000000000
000000000
000000000
000000000
000000000
000000000
000000000
000000000
000000000
000000000
000000000
000000000
000000000
000000000
000000000
000000000
000000000
000000000
000000000
000000000
000000000
000000000
000000000
000000000
000000000
000000000
000000000
000000000
000000000
000000000
000000000
001041BD9
000000000
0030407EF
000000000
0020310D0
000000000
007061FFF
000000000
000000000
000000000
007051769
000000000
00203005C
000000000
007073FFF
000000000
007070FFF
000000000
0060324C3
000000000
000000000
000000000
000000000
000000000
000000000
000000000
000000000
000000000
000000000
000000000
000000000
000000000
000000000
000000000
000000000
000000000
004050205
000000000
000050000
000000000
001084000
000000000
000000000
000000000
000000000
000000000
000000000
000000000
000187000
000000000
0070BFEC7
000000000
000000000
000000000
000000040
000000000
000080000
000000000
000000000
000000000
000000000
000000000
000000000
000000000
000000010
000000000
000000000
000000000
000000000
000000000
000000000
000000000
000000000
000000000
000000000
000000000
000000000
000000000
000000000
000000000
000000000
000000000
004000000
000000000
000000000
000000000
00202042A
000000000
000000801
000000000
006000000
000000000
000000000
000000000
000000000
000000000
002040B84
000000000
000000000
000000000
000000000
000000000
000000000
000000000
000002000
000000000
000000000
000000000
005061404
000000000
000000000
000000000
000000000
000000000
000000000
000000000
000000000
000000000
00102026E
000000000
005000032
000000000
006030AED
000000000
000000000
000000000
000010098
000000000
000000000
000000000
000000100
000000000
000000050
000000000
002010001
000000000
005060F50
000000000
007070B6C
000000000
000000000
000000000
000000000
000000000
000000000
000000000
000000000
000000000
000000000
000000000
000000000
000000000
000000000
000000000
000000000
000000000
000000000
000000000
000000000
000000000
000000000
000000000
004180000
000000000
000000000
000000000
0040FCA06
000000000
000000000
000000000
0010C30A9
000000000
000000000
000000000
006046D88
000000000
002084000
000000000
000000000
000000000
0050005A5
000000000
000000040
000000000
000000000
000000000
000000000
000000000
000000000
000000000
000000000
000000000
001010E7C
000000000
000000000
000000000
004000002
000000000
000000000
000000000
007020D57
000000000
000000000
000000000
000000000
000000000
003070EB6
000000000
000000000
000000000
000000200
000000000
000000000
000000000
002000002
000000000
002030C52
000080000
000000000
000000000
000000200
000000000
001040180
000000000
000000000
000000000
000000000
000000000
000000000
000000000
000000000
000000000
000001000
000000000
001000400
000000000
000080040
000000000
000000000
000000000
0020A752F
000000000
0050A7806
000000000
004070811
000000000
0000C7189
000000000
0070F7DBA
000000000
0060F7FFE
000000000
0050E6A9A
000000000
002042C61
000000000
0040CC562
000000000
000002000
000000000
000000000
000000000
000000000
000000000
000000000
000000000
000000000
000000000
00402080A
000000000
000000004
000000000
000000000
000000000
000000485
000000000
005070008
000000000
000000000
000000000
000000000
000000000
0060702FE
000000000
000000000
000000000
001000D04
000000000
007070EF5
000000000
007072FFB
000000000
006070FFF
000000000
000000000
000000000
00007092E
000000000
0070111DA
000000000
000000000
000000000
000000000
000000000
000000000
000000000
000000000
000000000
000000000
000000000
000000000
000000000
000000000
000000000
000000000
000000000
000000000
000000000
000000000
000000000
000000000
000000000
0030419B2
000000000
000000000
000000000
007030628
000000000
000000000
000000000
000001000
000000000
00404021C
000000000
000000000
000000000
000000000
000000000
000000000
000000000
000000000
000000000
000000000
000000000
000000000
000000000
000000000
000000000
000000000
000000000
000000000
000000000
000000000
000000000
000000000
000000000
000000000
000000000
000000000
000000000
000000000
000000000
006001010
000000000
0020007CC
000000000
000000000
000000000
000000000
000000000
000000000
000000000
000000000
000000000
000000000
000000000
000000000
000000000
000020D30
000000000
000000000
000000000
000000000
000000000
000000000
000000000
000000000
000000000
000000000
000000000
000000000
000000000
000000000
000000000
000000000
000000000
000000000
000000000
000000000
000000000
000000000
000000000
000000000
000000000
000000000
000000000
000000000
000000000
000000000
000000000
000000000
000000000
000000000
000000000
000000000
000000000
000000000
000000000
000000000
000000000
000000000
000000000
000000000
000000000
000000000
000000000
000000000
000000000
000000000
000000000
000000000
000000000
000000000
000000000
000000000
000000000
000000000
000000000
000000000
000000000
000000000
000000000
000000000
000000000
000000000
000000000
000000000
000000000
0ED0B0706
000000000
0FE0F0705
000000000
0F40B0400
000000000
0FF2D0607
000000000
060000000
000000000
0E11D0F07
000000000
0BA0D0004
000000000
0FF1F0307
000000000
0FF0F0307
000000000
042130401
000000000
000000000
000000000
000000000
000000000
000000000
000000000
000000000
000000000
000000000
000000000
000000000
000000000
000000000
000000000
000000000
000000000
002040304
000000000
008080001
000000000
000000010
000000000
000000000
000000000
000000000
000000000
000000000
000000000
010000000
000000000
0FD1F0107
000000000
000000000
000000000
000000000
000000000
000000002
000000000
000000000
000000000
000000808
000000000
000000000
000000000
002000005
000000000
000000000
000000000
000000000
000000000
000000000
000000000
000000000
000000000
000000000
000000000
000000000
000000000
000000800
000000000
000000000
000000000
000000000
000000000
000000000
000000000
02EC00004
000000000
000000000
000000000
042040002
000000000
000000000
000000000
000000000
000000000
0321E0603
000000000
0C0080000
000000000
000000000
000000000
000000000
000000000
000000100
000000000
000000000
000000000
0100E0400
000000000
000000000
000000000
000000000
000000000
000000000
000000000
000000000
000000000
039090001
000000000
008000000
000000000
097000101
000000000
000000000
000000000
044000200
000000000
000000000
000000000
000000000
000000000
00A020100
000000000
057090404
000000000
0E1090000
000000000
07E000002
000000000
000000000
000000000
000000000
000000000
000100800
000000000
000000000
000000000
000000000
000000000
000000000
000000000
000000000
000000000
000000000
000000000
000000000
000000000
000000000
000000000
000000000
000000000
000001800
000000000
000000000
000000000
054141004
000000000
000000000
000000000
00F0E1602
000000000
000000000
000000000
0010C0B00
000000000
004000200
000000000
000000000
000000000
058020100
000000000
004020002
000000000
000000000
000000000
000000000
000000000
006000400
000000000
000000000
000000000
092020504
000000000
000000000
000000000
000000400
000000000
000000000
000000000
03B040B01
000000000
000000000
000000000
000000000
000000000
0FA0F0506
000000000
000000000
000000000
004000000
000000000
000000000
000000000
018000000
000000000
0090B0000
000000000
000000000
000000000
000000000
000000000
0420A0404
000000000
000000000
000000000
000000000
000000000
000000000
000000000
000000000
000000000
003020000
000000000
008220000
000000000
012000001
000000000
000000000
000000000
028631808
000000000
0AB1E0E0D
000000000
010001406
000000000
052681B0D
000000000
05FBE0F0D
000000000
05EEE1F0F
000000000
0C6D71A09
000000000
005C0100B
000000000
08D920A04
000000000
022000000
000000000
000000000
000000000
000000000
000000000
000000000
000000000
000000000
000000000
004010002
000000000
008000000
000000000
000000000
000000000
004020000
000000000
08A030704
000000000
000000000
000000000
000000000
000000000
00F070303
000000000
000000000
000000000
000000002
000000000
07F070707
000000000
01D030307
000000000
01F070705
000000000
000000000
000000000
001040000
000000000
008060004
000000000
000000000
000000000
000000000
000000000
020000000
000000000
000000000
000000000
000000000
000000000
000000000
000000000
000000000
000000000
000000000
000000000
080000000
000000000
000000000
000000000
000000000
000000000
0F90F0307
000000000
000000000
000000000
0D8090607
000000000
000000000
000000000
000000000
000000000
09B000500
000000000
000000000
000000000
000000000
000000000
000000000
000000000
000000000
000000000
000000000
000000000
000000000
000000000
000000000
000000000
000000000
000000000
000000000
000000000
000000000
000000000
000000000
000000000
000000000
000000000
000000000
000000000
000000000
000000000
002000004
000000000
01F030203
000000000
000000100
000000000
000000000
000000000
000000000
000000000
004000000
000000000
000000000
000001000
000000000
000000000
034020004
000000000
000000000
000000000
000000000
000000000
000000000
000000000
000000000
000000000
000000000
000000000
000000000
000000000
000000000
000000000
000000000
000000000
000000000
000000000
000000000
000000000
000000000
000000000
000000000
000000000
000000000
000000000
000000000
000000000
000000000
000000000
000000000
000000000
000000000
000000000
000000000
000000000
000000000
000000000
000000000
000000000
000000000
000000000
000000000
000000000
000000000
000000000
000000000
000000000
000000000
000000000
000000000
000000000
000000000
000000000
000000000
000000000
000000000
000000000
000000000
000000000
000000000
000000000
000000000
000000000
000000000
000000000
000000000
000000000
00D06069F
000000000
00E0607BE
000000000
00C0002C3
000000000
007070BFB
000000000
004000008
000000000
00D0203EF
000000000
0040100EE
000000000
0070706BF
000000000
00F070FFB
000000000
005040A48
000000000
000000001
000000000
000000000
000000000
000000000
000000000
000000000
000000000
000000000
000000000
000000000
000000000
000000000
000000000
000000000
000000000
000040601
000000000
002000006
000000000
000000000
000000000
000000000
008000000
000000000
000000000
000000000
000000000
000000000
000000000
007073FFB
008000000
000000000
000000000
000000000
000000000
000000000
000000000
000000000
000000000
000000000
000000000
008000000
000000000
008000900
000000000
010000000
000000000
000000000
000000000
000000000
000000000
008000000
000000000
000000000
000000000
000000000
000000000
000000000
000000000
000080000
000000000
000000000
000000000
000000000
000000000
000090000
000000000
008000188
000000000
004000001
000000000
000000000
000000000
000080000
000000000
007090459
000000000
001000005
000000000
000000000
000000000
000000000
000000000
000000800
000000000
000000000
000000000
003001BF8
000000000
000000000
000000000
000000000
000000000
000000000
000000000
000000000
000000000
006040914
000000000
00E080055
000000000
0090E0E5E
000000000
000000000
000000000
0000E0C11
000000000
000000000
000000000
008080800
000000000
0090D0028
000000000
000020411
000000000
00901026D
000000000
00B071EAD
000000000
000000000
000000000
000000000
000000000
000000000
000000000
000000000
000000000
000000000
000000000
000000000
000000000
000000000
000000000
000000000
000000000
000000000
000000000
000000000
000000000
000000000
000000000
000000040
000000000
000000000
000000000
001011906
000000000
000000000
000000000
006010F42
000000000
000000000
000000000
007001263
000000000
002000000
000000000
000000000
000000000
003021581
000000000
000000000
000000000
000000000
000000000
000000000
000000000
000010000
000000000
000000000
000000000
0050001C8
000000000
000000000
000000000
004000200
000000000
000000000
000000000
0070406A8
000000000
000000000
000000000
000000000
000000000
00707004E
000000000
000000000
000000000
000000000
000000000
000000000
000000000
000000000
000000000
00F0206DC
000000000
000000000
000000000
000082000
000000000
000040380
000000000
000000000
000000000
000000000
000000000
000000000
000000000
000000000
000000000
003010000
000000000
000080110
000000000
000000000
000000000
000000000
000000000
006051809
000000000
007041D73
000000000
002013467
000000000
005053F97
000000000
0040717FF
000000000
005051CFF
000000000
004023C99
000000000
000010350
000000000
00200218A
000000000
000000000
000000000
000000000
000000000
000000000
000000000
000000000
000000000
000000000
000000000
004040166
000000000
000040000
000000000
000000000
000000000
000000008
000000000
00A00060A
000000000
000000000
000000000
010080000
000000000
01F0309E8
000000000
000000000
000000000
018001B11
000000000
00F0713FF
000000000
00F071CFF
000000000
00F071FFD
000000000
000000000
000000000
008020321
000000000
0080717DC
000000000
000000000
000000000
000000000
000000000
000000000
000000000
000000000
000000000
000000000
000000000
000000000
000000000
000000000
000000000
000000000
000000000
000000000
000000000
000000000
000000000
000000000
000000000
000030940
000000000
000000000
000000000
006030DC0
000000000
000000000
000100000
000000000
000000000
008040973
000000000
000000000
000000000
000000000
000000000
000000000
000000000
000000000
000000000
000000000
000000000
000000000
000000000
000000000
000000000
000000000
000000000
000000000
000000000
000000000
000000000
000000000
000000000
000000000
000000000
000000000
000000000
000000000
000000000
004020000
000000000
002050C6B
000000000
004000000
000000000
000000000
000000000
000000000
000000000
002000000
000000000
000000000
000000000
000000000
000000000
002070300
000000000
000000000
000000000
000000000
000000000
000000000
000000000
000000000
000000000
000000000
000000000
000000000
000000000
000000000
000000000
000000000
000000000
000000000
000000000
000000000
000000000
000000000
000000000
000000000
000000000
000000000
000000000
000000000
000000000
000000000
000000000
000000000
000000000
000000000
000000000
000000000
000000000
000000000
000000000
000000000
000000000
000000000
000000000
000000000
000000000
000000000
000000000
000000000
000000000
000000000
000000000
000000000
000000000
000000000
000000000
000000000
000000000
000000000
000000000
000000000
000000000
000000000
000000000
000000000
000000000
000000000
000000000
000000000
000000000
0BE0F070C
000000000
0FF0D071F
000000000
0840E010E
000000000
0FF0B000F
000001000
040000000
000000000
05D04020E
000000000
00701000E
000000000
0FF0F070E
000000000
0FE0F071F
000000000
02405040B
000000000
001000000
000000000
000000000
000000000
000000000
000000000
000000000
000000000
000000000
000000000
000000000
000000000
000000000
000000000
000000000
000000000
08E050500
000000000
000000104
000000000
000000000
000000008
000000000
000000000
004000000
000000000
000000000
000000000
028000002
000000000
0FF2F0607
000000000
000000000
000000000
000000004
000000000
010000400
000000000
000000000
000000000
000000008
000000000
000000008
000000000
00000000C
000000000
000000000
000000000
000000000
000000000
000000000
000000000
000000008
000000000
000000000
000000000
000000000
000000000
000000000
000000000
000000000
000000000
002000000
000000000
000000000
000000000
080240100
000000000
000000000
000000000
000160000
000000000
000000000
000000000
000000000
000000000
044830400
000000000
040000000
000000000
000000000
000000000
000000000
000000000
001000000
000000000
000000000
000000000
002080104
000000000
000000000
000000000
000000000
000000000
000000000
000000000
000000000
000000000
055000601
000000000
0080D0104
000000000
011040605
000000000
000000000
000000000
000210000
000000000
000000000
000000000
000000000
000000000
0A9070000
000000000
004000206
000000000
0F1000600
000000000
0F62C0201
000000000
000000010
000000000
000000000
000000000
080000000
000000000
000000000
000000000
000000000
000000000
000000000
000000000
000000010
000000000
000000000
000000000
000000000
000000000
000001000
000000000
000000000
000000000
004000000
000000000
000000000
000000000
011010200
000000000
000000000
000000000
00A030202
000000000
000000000
000000000
009010700
000000000
005000000
000000000
000000000
000000000
051000404
000000000
000000400
000000000
000000000
000000000
000000000
000000000
000100000
000000000
000000000
000000000
02C1C0304
000000000
000000000
000000000
008040000
000000000
000000000
000000000
0FF371F1F
000000000
000000000
000000000
000002808
000000000
0EF532D09
000000000
000000000
000000000
000E27018
000000000
000002000
000000000
000605A08
000000000
015815F0B
000000000
000000000
000000000
000000000
000000000
010000100
000000000
000000000
000000000
000000000
000000000
000000000
000002000
000000000
000000000
000030000
000000000
00F000004
000000000
000000000
000000000
000000000
000000000
0C063DA18
000000000
06B40FA18
000000000
0DBC3180F
000000000
07CFBFC15
000000000
0FEFCFD2F
000000000
0CFFCF72B
000000000
077E3FE19
000000000
060007158
000000000
0CBB3300B
000000000
000400108
000000000
000000000
000000000
000000000
000002000
000000000
000000000
000000000
000000000
09F0F0105
000000000
040040100
000000000
000000000
000000000
000020404
000000000
03D040404
000000000
000000000
000000000
000000000
000000000
08B06060F
000000000
000000000
000000000
000090000
000000000
0BF0E0707
000000000
0FF050607
000000000
07F070707
000000000
000000000
000000000
080010005
000000000
016030603
000000000
000000000
000000000
000000000
000000000
000000000
000000000
000000000
000000000
000000000
000000000
000000000
000000000
000000000
000000000
000000000
000000000
000000000
000000000
000000000
000000000
000000000
000000000
058000306
000001000
000000000
000000000
047060303
000000000
000000000
000000000
010000000
000000000
0220B0000
000000000
000000000
000000000
000000000
000000000
000000000
000000000
000002000
000000000
000000000
000000000
010000000
000000000
000000000
000000000
000000000
000000000
000000000
000000000
000000000
000000000
000000000
000000000
000000000
000000000
000000000
000000000
000000000
000000000
003020000
000000000
0E103050C
000000000
018000008
000000000
000000000
000000000
000000000
000000000
020000400
000000000
000000000
000000000
000000000
000000000
011090204
000000000
000000000
000000000
000100800
000000000
000000000
000000000
000000000
000000000
000000000
000000000
000000000
000000000
000000000
000000000
000000000
000000000
000000000
000000000
000000000
000000000
000000000
000000000
000000000
000000000
000000000
000000000
000000000
000000000
000000000
000000000
000000000
000000000
000000000
000000000
000000000
000000000
000000000
000000000
000000000
000000000
000000000
000000000
000000000
000000000
000000000
000000000
000000000
000000000
000000000
000000000
000000000
000000000
000000000
000000000
000000000
000000000
000000000
000000000
000000000
000000000
000000000
000000000
000000000
000000000
000000000
000000000
000000000
000000000
00E050F13
000000000
00B030FF8
000000000
009060AD9
000000000
00D070FFF
000000000
000010002
000000000
005010DF7
000000000
018000057
000000000
00F070DFF
000000000
00F070DFF
000000000
0080608E8
000000000
000000001
000000000
000000000
000000000
000000000
000000000
000000000
000000000
000000000
000000000
000000000
000000000
000000000
000000000
000000000
000000000
00002095C
000000000
000010002
000000000
000000000
000000000
000000000
000000000
000000000
008000000
000000000
000000000
000000082
000000000
007070FFF
000000000
000000000
000000000
000000000
000000000
050010000
000000000
000000000
000000000
000000000
000000000
000000000
000000000
000000000
000000000
000000000
000000000
000000000
000000000
000000000
000000000
000000000
000000000
000000000
000000000
000000000
000000000
008000000
000000000
008280000
000000000
009180000
000000000
000000000
000000000
0080004B8
000000000
008180100
000000000
008080140
000000000
000080000
000000000
000280000
000000000
0050F06C5
000000000
008180020
000000000
000000000
000000000
000000000
000000000
000000100
000000000
000000000
000000000
00205079B
000000000
000000000
000000000
000000000
000000000
000000000
000000000
000000000
000000000
007050324
000000000
0004C0210
000000000
0041F0507
000000000
000000000
000000000
000000100
000000000
000180000
000000000
0021A7002
000000000
0010C9300
000000000
00418141F
000000000
0000A90C0
000000000
0042E8417
000000000
000000000
000000000
000000000
000000000
000000000
000000000
000000000
000000000
000000000
000000000
000000000
000000000
000000000
000000000
000000000
000000000
000000000
000000000
000000000
000000000
000000000
000000000
000000000
000000000
000000000
000000000
00202014C
000000000
000000000
000000000
00B060B18
000000000
000000000
000000000
00E0601D5
000000000
00C000200
000000000
000000000
000000000
005000890
000000000
000000808
000000000
000000000
000000000
000000000
000000000
000000A00
000000000
000000000
000000000
004000D23
000000000
000000000
000000000
000041442
000000000
000000000
000000000
006000F2B
000000000
000000000
000000000
000000000
000000000
00205077D
000000000
000000000
000000000
000000000
000080000
000000000
000000000
000000244
000000000
007040964
000000000
000000000
000000000
000001000
000000000
000020000
000000000
000000000
000000000
000180000
000000000
000000000
000000000
000000000
000000000
004001008
000000000
001071483
000000000
000000000
000000000
000000000
000000000
004040A80
000000000
002061266
000000000
000050112
000000000
00606175D
000000000
005070DFF
000000000
00507005D
000000000
003041199
000000000
000000204
000000000
0070704F4
000000000
000000000
000000000
000000000
000000000
000000000
000000000
000000000
000000000
000000000
000000000
0010108CC
000000000
000000250
000000000
000000000
000000000
000000204
000000000
0000402A2
000000000
000000000
000000000
000080000
000000000
0040B16DB
000000000
000000000
000000000
0010B0260
000000000
0070F3B7F
000000000
0070717FF
000000000
004071FEF
000000000
000000000
000000000
0060A1700
000000000
009025A6C
000000000
000000000
000000000
000000000
000000000
004000040
000000000
000000000
000000000
000000000
000000000
000000000
000000000
000000000
000000000
000000000
000000000
000000000
000000000
000000000
000000000
000000000
000000000
0070325FB
000000000
000000000
000000000
0040715F0
000000000
000000000
000000000
000000000
000000000
00001116E
000000000
000000000
000000000
000000000
000000000
000000000
000000000
000000000
000000000
000000000
000000000
000000000
000000000
000800000
000000000
000000000
000000000
000000000
000000000
000000000
000000000
000000000
000000000
000000000
000000000
000000000
000000000
000000000
000000000
000000102
000000000
000010B90
000000000
001000008
000000000
000000000
000000000
000000000
000000000
000000000
000000000
000000000
000000000
000000000
000000000
001000980
000000000
000000000
000000000
000000000
000000000
000000000
000000000
000000000
000000000
000000000
000000000
000000000
000000000
000000000
000000000
000000000
000000000
000000000
000000000
000000000
000000000
000000000
000000000
000000000
000000000
000000000
000000000
000000000
000000000
000000000
000000000
000000000
000000000
000000000
000000000
000000000
000000000
000000000
000000000
000000000
000000000
000000000
000000000
000000000
000000000
000000000
000000000
000000000
000000000
000000000
000000000
000000000
000000000
000000000
000000000
000000000
000000000
000000000
000000000
000000000
000000000
000000000
000000000
000000000
000000000
000000000
000000000
000000000
000000000
097070B2A
000000000
07A07039E
000000000
006040251
000000000
07F0E047D
000000000
0000000B8
000000000
0FD050717
000000000
03809027A
000000000
0FF0F073F
000000000
0FF0E077F
000000000
01A040EBC
000000000
000000000
000000000
000000000
000000000
000000000
000000000
000000000
000000000
000000000
000000000
000000000
000000000
000000000
000000000
000000000
000000000
0DC020002
000000000
001220007
000000000
000000002
000000000
000000000
000000000
000000000
000000000
000000000
000000000
000100000
000000000
0FFFF0707
000000000
000000000
000000000
020000000
000000000
000820000
000000000
000000000
000000000
000000000
000000000
000000000
000000000
012080002
000000000
000000000
000000000
000000000
000000000
000000000
000000000
000000000
000000000
000000000
000000000
000000000
000000000
000000000
000000000
000400000
000000000
020400000
000000000
000000000
000000000
053010001
000000000
000100000
000000000
044100404
000000000
000000000
000000000
000200000
000000000
046C50405
000000000
000100000
000000000
000000000
000000000
000000000
000000000
040000001
000000000
000000000
000000000
098000201
000000000
000000000
000000000
000000000
000000000
000000000
000000000
000000000
000000000
0890F0405
000000000
0487A0102
000000000
0BE770704
000000000
000000000
000000000
000480400
000000000
000F00800
000000000
000700000
000000000
086580800
000000000
021720907
000000000
08C640B05
000000000
06B720105
000000000
000000000
000000000
000000000
000000000
000000000
000000000
000000000
000000000
000000000
000000000
000000000
000000000
000000000
000000000
000000000
000000000
000000000
000000000
000000000
000000000
000000000
000000000
000000000
000000000
000000000
000000000
040080402
000000000
000000000
000000000
0260A0602
000000000
000000000
000000000
057010300
000000000
042000000
000000000
000000000
000000000
008190A01
000000000
000020100
000000000
000000000
000000000
000000000
000000000
000000004
000000000
000000000
000000000
018060607
000000000
000000000
000000000
000090000
000000000
000000000
000000000
0D7120F06
000000000
000000000
000000000
000000000
000000000
07F3F0901
000000000
000000000
000000000
000340A02
000000000
000000000
000000000
002240000
000000000
000AF0603
000000000
000000000
000000000
000000000
000000000
010000000
000000000
000000000
000000000
000000000
000000000
000000000
000000000
000000000
000000000
000000000
000000000
08C040402
000000000
002000100
000000000
000000000
000000000
003780B00
000000000
06D9A0200
000000000
0A044080A
000000000
08D3B0F0A
000000000
0763D0F07
000000000
0F6B30F0E
000000000
0B3370806
000000000
040000400
000000000
00F1A0103
000000000
000400000
000000000
000000000
000000000
000000000
000000000
000000000
000000000
000000000
000000000
0BB060202
000000000
000000000
000000000
000000000
000000000
010000000
000000000
02A070006
000000000
000000000
000000000
000000000
000000000
074070607
000000000
000000000
000000000
050000401
000000000
0FB0F0507
000000000
0BF010705
000000000
0FF070707
000000000
000000000
000000000
004000400
000000000
0DD0D0104
000000000
000000000
000000000
000000000
000000000
008000400
000000000
000C00800
000000000
000000000
000000000
000000000
000000000
000000000
000000000
000000000
000000000
000000000
000000000
000000000
000000000
000000000
000000000
02F100F02
000000000
000100100
000000000
0D63C0F00
000000000
000000000
000000000
000300000
000000000
070340801
000000000
000000800
000000000
000000000
000000000
000000000
000000000
000000000
000000000
000000000
000000000
000000000
000000000
000000000
000000000
000000000
000000000
000000000
000000000
000000000
000000000
000000000
000000000
000000000
000000000
000000000
000000800
000000000
000000000
020000400
000000000
0680A0701
000000000
008000000
000000000
000000000
000000000
000000000
000000000
020000000
000000800
000000000
000000000
000000000
000000000
0100C0200
000000000
000000000
000000000
000200800
000000000
000001800
000000000
000000000
000000000
000000000
000000000
000000000
000000000
000000000
000000000
000000000
000000000
000000000
000000000
000000000
000000000
000000000
000000000
000000000
000000000
000000000
000000000
000000000
000000000
000000000
000000000
000000000
000000000
000000000
000000000
000000000
000000000
000000000
000000000
000000000
000000000
000000000
000000000
000000000
000000000
000000000
000000000
000000000
000000000
000000000
000000000
000000000
000000000
000000000
000000000
000000000
000000000
000000000
000000000
000000000
000000000
000000000
000000000
000000000
000000000
000000000
000000000
000000000
000000000
01F070ECD
000000000
02D030EBA
000000000
00E0502BB
000000000
01F070FBF
000000000
008000000
000000000
00D010FBE
000000000
05D040187
000000000
01F070FFF
000000000
00F030FFF
000000000
00D030E42
000000000
000000000
000000000
000000000
000000000
000000000
000000000
000000000
000000000
000000000
000000000
000000000
000000000
000000000
000000000
000000000
000000000
0000C3118
000000000
001083050
000000000
000000000
000000000
000000000
000000000
000000002
000000000
000000000
000000000
000001000
000000000
006040FF7
000000000
000000000
000000000
000000010
000000000
000000000
000000000
000000000
000000000
000000000
000000000
004000000
000000000
005020000
000000000
000000000
000000000
000000000
000000000
000000000
000000000
000000000
000000000
000000000
000000000
000000000
000000000
000000000
000000000
000080000
000000000
000100000
000000000
000000000
000000000
00418A200
000000000
00038B000
000000000
0020A1470
000000000
000000000
000000000
000080000
000000000
0042EB382
000000000
00050C040
000000000
000000000
000000000
000000000
000000000
000000090
000000000
000000000
000000000
0010103C0
000000000
000000000
000000000
000000000
000000000
000000000
000000000
000000000
000000000
001000870
000000000
0006EB460
000000000
0010DB310
000000000
000000000
000000000
00830A411
000000000
00020C000
000000000
00008C440
000000000
008182083
000000000
000283147
000000000
004152900
000000000
00600FF0E
000000000
000000000
000000000
000000000
000000000
000000100
000000000
000000000
000000000
000000000
000000000
000000000
000000000
000000000
000000000
000000000
000000000
000000000
000000000
000000000
000001000
000000000
000000000
000000000
000001000
000000000
000000000
000050676
000000000
000000000
000000000
007000B16
000000000
000000000
000000000
00401001D
000000000
000000200
000000000
000000000
000000000
004020961
000000000
002083102
000000000
000000000
000000000
000000000
000000000
000001240
000000000
000000000
000000000
002016C12
000000000
000000000
000000000
001081000
000000000
000000000
000000000
0030706FB
000000000
000000000
000000000
000000000
000000000
003070E7B
000000000
000000000
000000000
000000000
000000000
000000000
000000000
000000031
000000000
004010038
000000000
000000000
000000000
000000000
000000000
000000008
000000000
000000000
000000000
000000000
000000000
000000000
000000000
000000000
000000000
000000080
000000000
000000642
000000000
000000000
000000000
000000000
000000000
002000B81
000000000
001000F25
000000000
005050808
000000000
006020ABC
000000000
007050FFD
000000000
003060359
000000000
006030EBC
000000000
0000004C2
000000000
000050B35
000080000
000000200
000000000
000000000
000000000
000000000
000000000
000000000
000000000
000000000
000000000
0000F0A38
000000000
001020029
000000000
000000000
000000000
001000000
000000000
0040106E8
000000000
000000000
000000000
000000000
000000000
002070D37
000000000
000000000
000000000
000000031
000000000
003070FE6
000000000
005070FBF
000000000
005031FFF
000000000
000000000
000000000
0050000F9
000000000
0010102DB
000000000
000000000
000000000
000000000
000000000
000000000
000000000
000000000
000000000
000000000
000000000
000000000
000000000
000000000
000000000
000000000
000000000
008000000
000000000
000000000
000000000
000000000
000000000
0020931CB
000000000
000002010
000000000
00703327B
000000000
000000000
000000000
000002000
000000000
000093F45
000000000
000080000
000000000
000002000
000000000
000000000
000000000
000000000
000000000
000000000
000000000
000000000
000000000
000000000
000000000
000000000
000000000
000000000
000000000
000000000
000000000
000000000
000000000
000000000
000000000
000000000
000000000
000000000
000000000
009048000
000000000
004023983
000000000
003083000
000000000
000000000
000000000
000000000
000000000
0001A3000
000000000
000000000
000000000
000000000
000000000
00404A005
000000000
000000000
000000000
000000000
000000000
000000000
000000000
000000000
000000000
000000000
000000000
000000000
000000000
000000000
000000000
000000000
000000000
000000000
000000000
000000000
000000000
000000000
000000000
000000000
000000000
000000000
000000000
000000000
000000000
000000000
000000000
000000000
000000000
000000000
000000000
000000000
000000000
000000000
000000000
000000000
000000000
000000000
000000000
000000000
000000000
000000000
000000000
000000000
000000000
000000000
000000000
000000000
000000000
000000000
000000000
000000000
000000000
000000000
000000000
000000000
000000000
000000000
000000000
000000000
000000000
000000000
000000000
000000000
000000000
0A506083F
000000000
0EF0D0FFE
000000000
00C040539
000000000
0DF0F0BFF
000000000
00000007A
000000000
0730706DF
000000000
0120809FC
000000000
0FF0F0FFF
000000000
0EF0F0FFF
000000000
089040B3E
000000000
004300000
000000000
000000000
000000000
000000000
000000000
000000000
000000010
000000000
000000000
000000000
000000000
000000000
000000000
000000000
000000000
0110C0401
000000000
000000302
000000000
000000000
000000000
000000000
000000000
000400000
000000000
000800000
000000000
000000000
000000000
0FDFF0707
000000000
000400000
000000000
000500000
000000000
080200000
000000000
000000000
000000000
000000000
000000000
000000000
000000000
020000100
000000000
000000000
000000000
000000000
000000000
000000000
000000000
000000000
000000000
000000000
000000000
000000000
000000000
000000000
000000000
000D00000
000000000
000E01000
000000000
000000000
000000000
000A30903
000000000
000F00800
000000000
008B00B00
000000000
000000000
000000000
000D05000
000000000
0067E0004
000000000
000F10800
000000000
000000000
000000000
000000000
000000000
000000002
000000000
000000000
000000000
061090100
000800000
000000000
000000000
000000000
000000000
000000000
000000000
000000000
000000000
000000202
000000000
014020202
000000000
093080402
000000010
000000000
000000000
020040000
000000000
000000000
000000000
010010000
000000000
0F8080006
000000000
044040006
000000000
06A080306
000000000
058010201
000000000
000000000
000000000
000000000
000000000
000000000
000000000
000000000
000000000
000000000
000000000
000000000
000000000
000000000
000000000
000000000
000000000
000000000
000000000
000000000
000000000
000000000
000000000
000000000
000000000
000000000
000000000
061060404
000000000
000000000
000000000
059010707
000000000
000000000
000000000
068080000
000000000
025000100
000000000
000000000
000000000
001400401
000000000
010000002
000000000
000000000
000000000
000000000
000000000
000000000
000000000
000000000
000000000
00B0A0600
000000000
000000000
000000000
020000200
000000000
000000000
000000000
0B50E0507
000000000
000000000
000000000
000000000
000000000
087070500
000000000
000000000
000000000
005080000
000000000
000000000
000000000
008000400
000000000
082140301
000000000
000000000
000000000
000000000
000000000
018000002
000000000
000000000
000000000
000000000
000000000
000000000
000000000
000000000
000000000
000010004
000000000
0680C0101
000000000
000000000
000000000
000000000
000000000
0C7030000
000000000
0B60C0000
000000000
026050505
000000000
0F4030705
000000000
0FB030706
000000000
0D60F0706
000000000
09B020706
000000000
010020000
000000000
056050702
000000000
000000000
000000000
000000000
000000000
000000000
000000000
000000000
000000000
000000000
000000000
0280E0203
000000000
008000000
000000000
000000000
000000000
010000002
000000000
016020202
000000000
000000000
000000000
000000000
000000000
005090703
000000000
000000000
000000000
0D0020000
000000000
0F7070707
000000000
0E5050402
000000000
0FF0F0707
000000008
000000000
000000000
04C080200
000000000
03A0E0203
000000000
000000000
000000000
000000000
000000000
080000000
000000000
000000000
000000000
000000000
000000000
000000000
000000000
000000000
000000000
000000000
000000000
000000000
000000000
000000000
000000000
000100000
000000000
06CF50207
000000000
000700800
000000000
08FF40A01
000000000
000500000
000000000
020100000
000000000
022320B02
000000000
000000000
000000000
000100000
000000000
000000000
000000000
000000000
000000000
000000000
000000000
000000000
000000000
000000000
000000000
000000000
000000000
000000000
000000000
000000000
000000000
000000000
000000000
000000000
000000000
000000000
000000000
000000000
000000000
020000808
000000000
093090002
000000000
010000008
000000000
000000000
000000000
000000000
000000000
020000008
000000000
000000000
000000000
000000000
000000000
0C0010209
000000000
000000000
000000000
000000000
000000000
000000000
000000000
000000000
000000000
000000000
000000000
000000000
000000000
000000000
000000000
000000000
000000000
000000000
000000000
000000000
000000000
000000000
000000000
000000000
000000000
000000000
000000000
000000000
000000000
000000000
000000000
000000000
000000000
000000000
000000000
000000000
000000000
000000000
000000000
000000000
000000000
000000000
000000000
000000000
000000000
000000000
000000000
000000000
000000000
000000000
000000000
000000000
000000000
000000000
000000000
000000000
000000000
000000000
000000000
000000000
000000000
000000000
000000000
000000000
000000000
000000000
000000000
000000000
000000000
01B030ECE
000000000
00F030FEA
000000000
00E030194
000000000
00E071FDF
000000000
008000043
000000000
00B07053B
000000000
00E03061F
000000000
00F071FDF
000000000
00F070F7F
000000000
001050855
000000000
000000008
000000000
000000000
000000000
000000000
000000000
000000000
000000000
000000000
000000000
000000000
000000000
000000000
000000000
000000000
000000000
0010000A8
000000000
000000000
000000000
000000000
000000000
000000000
000000000
000000000
000000000
000000000
000000000
002001000
000000000
001037FF9
000000000
020000000
000000000
000000000
000000000
000040040
000000000
000000000
000000000
000000000
000000000
000000000
000000000
000000402
000000000
000000000
000000000
000000000
000000000
000000000
000000000
000000000
000000000
000000000
000000000
000000000
000000000
000000000
000000000
000000000
000000000
004000000
000000000
000000000
000000000
000000000
000000000
000000000
000000000
000002804
000000000
000000000
000000000
000000000
000000000
003001BD9
000000000
000000000
000000000
000000000
000000000
000000000
000000000
000000000
000000000
000000000
000000000
000040274
000000000
000000000
000000000
000000000
000000000
000000000
000000000
000000000
000000000
008010BB8
000000000
018282C20
000000000
00F1260AC
000000000
000000000
000000000
008000800
000000000
018180000
000000000
028084040
000000000
0180200D8
000000000
018192310
000000000
03E0C0B9A
000000000
01B0616B6
000000000
000000000
000000000
000000000
000000000
000000000
000000000
000000000
000000000
000000000
000000000
000000000
000000000
000000000
000000000
000000000
000000000
000000000
000000000
000000000
000000000
000000000
000000000
000000000
000000000
000000000
000000000
001020410
000000000
000000000
000000000
003040614
000000000
000000000
000000000
007030240
000000000
000000001
000000000
000000000
000000000
00102192A
000000000
000000002
000000000
000000000
000000000
000000000
000000000
002000000
000000000
000001000
000000000
002011F0C
000000000
000000000
000000000
000001040
000000000
000000000
000000000
0012B1FFF
000000000
000000000
000000000
008200000
000000000
00F375DE5
000000000
000000000
000000000
004284023
000000000
000080000
000000000
009081000
000000000
0070C1A93
000000000
000000000
000000000
000000000
000000000
004020884
000000000
000000000
000000000
000000000
000000000
000000000
000000000
000000000
000000000
000000000
000000000
004030202
000000000
000000000
000000000
000000000
000000000
00100018F
000000000
00001197E
000000000
004020277
000000000
005001A8F
000000000
003070DFD
000000000
007071EF3
000000000
001030334
000000000
000020080
000000000
006041620
000000000
000000000
000000000
000000000
000000000
000000000
000000000
000000000
000000000
000000000
000000000
0000403D5
000000000
002000100
000000000
000000000
000000000
0000A0060
000000000
006084D5A
000000000
000100000
000000000
000000000
000000000
006090E7A
000000000
000000000
000000000
002000063
000000000
007050FCF
000000000
003070EFF
000000000
007035FFF
000000000
000000000
000000000
0050C0334
000000000
0070309DC
000000000
000000000
000000000
000000000
000000000
000000000
000000000
000000000
000000000
000000000
000000000
000000000
000000000
000000000
000000000
000000000
000000000
000000000
000000000
000000000
080000000
000000000
000000000
00306000E
000000000
000000020
000000000
00E070A92
000100000
000000000
000000000
001000000
000000000
00A000886
000000000
000000000
000000000
000000000
000100000
000000000
000000000
000000000
000000000
000000000
000000000
070000000
000000000
000000000
000000000
040000000
000000000
000000000
000000000
000000000
000000000
000000000
000000000
000000000
000000000
000000000
000000000
010200000
000000000
018112161
000000000
01E18EA63
000000000
03938E410
000000000
000000000
000000000
000000000
000000000
0D0386000
000000000
000000000
000000000
000000000
000000000
0003D2008
000000000
000000000
000000000
000000000
000000000
000000000
020000000
000000000
000000000
000000000
000000000
000000000
000000000
000000000
010000000
000000000
000000000
000000000
010000000
000000000
000000000
000000000
000000000
000000000
000000000
000000000
000000000
000000000
000000000
000000000
000000000
000000000
000000000
000000000
000000000
000000000
000000000
000000000
000000000
000000000
000000000
000000000
000000000
000000000
000000000
000000000
000000000
000000000
000000000
000000000
000000000
000000000
000000000
000000000
000000000
000000000
000000000
000000000
000000000
000000000
000000000
000000000
000000000
000000000
000000000
000000000
000000000
000000000
000000000
07F09070F
000000000
0FF0E0517
000001000
091090C09
000000000
0BF0B061E
000000000
008000004
000000000
00A0F041B
000000000
00B000208
000000000
0FF0F030F
000000000
0FF0F070F
000000000
0680D030F
000000000
000000006
000000000
000000000
000000000
000000000
000000000
000000000
000000000
000000000
000000000
000000000
000000000
000000000
000000000
000000000
000000000
012000007
000000000
000030000
000000000
000100000
000000000
000000000
000000000
000100000
000000000
000800000
000000000
080100000
000000000
0F7F80707
000000000
000000000
000000000
080000000
000000000
000100000
000000000
000000000
000000000
000000000
000000000
000000000
000000000
004020102
000000000
000000000
000400000
000000000
000000000
000000000
000000000
000000000
000000000
000000000
000000000
000000000
000000000
000000000
000000000
000001000
000000000
020000800
000000000
000000000
000000000
0000A0102
000000000
000001800
000000000
006201202
000000000
000000000
000000000
000000800
000000000
036171800
000000000
040101800
000000000
000000000
000000000
000000000
000000000
000000000
000000000
000000000
000000000
084000601
000000000
000000000
000000000
000000000
000000000
000000000
000000000
000000000
000000000
009000203
000000000
02C060003
000000000
0A4000501
000000000
000000000
000000000
010010000
000000000
000000000
000000000
040000100
000000000
0CA070000
000000000
088040003
000000000
00D01010B
000000000
04D010600
000000000
000000000
000000000
000000000
000000000
000500000
000000000
000000000
000000000
000000000
000000000
000000000
000000000
000000000
000000000
000000000
000000000
000000000
000000000
000000000
000000000
000000000
000000000
000000000
000000000
000000000
000000000
0CA070301
000000000
000000000
000000000
091190400
000000008
000000000
000000000
012140704
000000000
000010100
000000000
000000000
000000000
0E2020101
000000000
000000000
000000000
000000000
000000000
000000000
000000000
000000001
000000000
000000000
000000000
028030301
000000000
000000000
000000000
000080001
000000000
000000010
000000000
07D060D04
000000000
000000000
000000000
000000000
000000000
0E70E0302
000000000
000000000
000000000
004000100
000000000
000000000
000000000
000080000
000000000
0B60E0105
000000000
000000000
000000000
000000000
000000000
000000000
000000000
000000000
000000000
000000000
000000000
000000000
000000000
000000000
000000000
004000000
000000000
000000101
000000000
020000000
000000000
000000000
000000000
014030200
000000000
019010403
000000000
024000002
000000000
005020407
000000000
01F060705
000000000
09A070302
000000000
002070700
000000000
0000C0500
000000000
011050606
000000000
008000002
000000000
000000000
000000000
000000000
000000000
000000000
000000000
000000000
000000000
031100000
000000000
090080000
000000000
000000000
000000000
000080000
000000000
097000405
000000000
000000000
000000000
000000000
000000000
0D6170207
000000000
000000000
000000000
051000003
000000000
0FF1F0507
000000000
05F010F01
000000000
0DF1F0F03
000000000
000000000
000000000
008030000
000000000
0001C0402
000000000
000000000
000000000
000000000
000000000
000000000
000000000
000000000
000000000
000000000
000000000
000000000
000000000
000000000
000000000
000000000
000000000
000000000
000000000
000000000
000000000
000000000
000000000
088050505
000000000
000100000
000000000
0B01D0509
000000000
000000000
000000000
000100000
000000000
00E100702
000000000
000000000
000000000
000000000
000000000
000000000
000000000
000000000
000000000
000000000
000000000
000000000
000000000
000000000
000000000
000000000
000000000
000000000
000000000
000000000
000000000
000000000
000000000
000000000
000000000
000000000
000000000
000000008
000000000
000000008
000000000
05A05010A
000000000
08400021C
000000000
000000000
000000000
000000000
000000000
000000000
000000000
000000000
000000000
000000000
000000000
0420A0518
000000000
000000000
000000000
000000000
000000000
000000000
000000000
000000000
000000000
000000000
000000000
000000000
000000000
000000000
000000000
000000000
000000000
000000000
000000000
000000000
000000000
000000000
000000000
000000000
000000000
000000000
000000000
000000000
000000000
000000000
000000000
000000000
000000000
000000000
000000000
000000000
000000000
000000000
000000000
000000000
000000000
000000000
000000000
000000000
000000000
000000000
000000000
000000000
000000000
000000000
000000000
000000000
000000000
000000000
000000000
000000000
000000000
000000000
000000000
000000000
000000000
000000000
000000000
000000000
000000000
000000000
000000000
000000000
000000000
00703174F
000000000
0070716FB
000000000
00003191C
000000000
005033FFB
000000000
000020801
000000000
00201343B
000000000
00501020B
000000000
007071FFF
000000000
007073FFF
000000000
003020D50
000000000
000000000
000000000
000000000
000000000
000000000
000000000
000000000
000000000
000000000
000000000
000000000
000000000
000000000
000000000
000180000
000000000
00101044A
000000000
000000000
000000000
000000000
000000000
000000000
000000000
000000000
000000000
000000000
000000000
000000000
000000000
0070FDBFF
000000000
000000000
000000000
000104000
000000000
000004000
000000000
000000000
000000000
000000000
000000000
000000008
000000000
004000000
000000000
000000000
000000000
000000000
000000000
000000000
000000000
000000000
000000000
000000000
000000000
000000000
000000000
000000000
000000000
000000000
000000000
000000000
000000000
000000000
000000000
004000200
000000000
001000000
000000000
00004150A
000000000
000000000
000000000
000000000
000000000
00700021E
000000000
000000000
000000000
000000000
000000000
000000000
000000000
000000000
000000000
000080000
000000000
001010A25
000000000
000000000
000000000
000000000
000000000
000000000
000000000
000000000
000000000
0030C1EB6
000000000
00A000000
000000000
00F031B19
000000000
000000000
000000000
008000200
000000000
000000000
000000000
008000008
000000000
00A060A9F
000000000
00A05011C
000000000
00F050401
000000000
00C020A5C
000000000
000000000
000000000
000000000
000000000
000000000
000000000
000000000
000000000
000000000
000000000
000000000
000000000
000000000
000000000
000000000
000000000
000000000
000000000
000000000
000000000
000000000
000000000
000000000
000000000
000000000
000000000
001010000
000000000
000000000
000000000
00103050D
000000000
000000000
000000000
002120801
000000000
000000402
000000000
000000000
000000000
000000C40
000000000
004000105
000000000
000000000
000000000
000000000
000000000
000000000
000000000
000000000
000000000
000020438
000000000
000000000
000000000
004000000
000000000
000000000
000000000
0070D11D3
000000000
000000000
000000000
000000000
000000000
0030F1F82
000000000
000000000
000000000
000080430
000000000
000000000
000000000
000010400
000000000
001010262
000000000
000000000
000000000
000000000
000000000
000060004
000000000
000000000
000000000
000000000
000000000
000000000
000000000
000000000
000000000
004000480
000000000
000030A50
000000000
002000044
000000000
000000000
000000000
0040A0803
000000000
0060B1B10
000000000
0000C1001
000000000
0030322F6
000000000
0070272DF
000000000
007073D5B
000000000
005060B7D
000000000
0020228C7
000000000
007044C31
000000000
000000000
000000000
000000000
000000000
000000000
000000000
000000000
000000000
000000000
000000000
004050C94
000000000
000000005
000000000
000000000
000000000
002000000
000000000
006001E00
000000000
000100000
000000000
000000000
000000000
00705F4FE
000000000
000000000
000000000
000014602
000000000
007073F7A
000000000
0070253BC
000000000
0070FBBFE
000000000
000000000
000000000
00102032D
000000000
00502D848
000000000
000000000
000000000
000000000
000000000
001000020
000000000
000000000
000000000
000000000
000000000
000000000
000000000
000000000
000000000
000000000
000000000
000000000
000000000
000000000
000000000
000000000
000000000
0090119BE
000000000
008000000
000000000
00F050FDD
000000000
000000000
000000000
000000000
000000000
00C0218A0
000000000
008000000
000100000
000000000
000000000
000000000
000000000
000000000
000000000
000000000
000000000
000002000
000000000
000000000
000000000
000000000
000000000
000000000
000000000
000000000
000000000
000000000
000000000
000000000
000000000
000000000
000000000
000000000
000000000
008000008
000000000
01C011C32
000000000
008010400
000000000
000000000
000000000
000000000
000000000
000000000
000000000
000000000
000000000
000000000
000000000
00C020450
000000000
000000000
000000000
000000000
000000000
000000000
000000000
000000000
000000000
000000000
000000000
000000000
000000000
000000000
000000000
000000000
000000000
000000000
000000000
000000000
000000000
000000000
000000000
000000000
000000000
000000000
000000000
000000000
000000000
000000000
000000000
000000000
000000000
000000000
000000000
000000000
000000000
000000000
000000000
000000000
000000000
000000000
000000000
000000000
000000000
000000000
000000000
000000000
000000000
000000000
000000000
000000000
000000000
000000000
000000000
000000000
000000000
000000000
000000000
000000000
000000000
000000000
000000000
000000000
000000000
000000000
000000000
000000000
000000000
036070501
000000000
0BE0F0707
000000000
07F090606
000000000
0FF0B0707
000000000
000080000
000000000
0640B0704
000000000
0A8040406
000000000
0FF1F0707
000000000
0FD0F0707
000000000
06D180401
000000000
002000000
000000000
000000000
000000000
000000000
000000000
000000000
000000000
000000000
000000000
000000000
000000000
000000000
000000000
000000000
000000000
000000002
000000000
000040000
000000000
000000000
000000000
000000000
000000000
000000000
000000000
000000000
000000000
002000000
000000000
0030F0305
000000000
000000000
000000000
000000000
000000000
000000000
000000000
000000000
000000000
000000000
000000000
000000000
000000000
018000002
000000000
000000000
000000000
000000000
000000000
000000000
000000000
000000000
000000000
000000000
000000000
000000000
000000000
000000000
000000000
000000000
000000000
000000000
000000000
000000000
000000000
000000204
000000000
000000000
000000000
010000000
000000000
000000000
000000000
000000000
000000000
006050104
000000000
000000000
000000000
000000000
000000000
000000000
000000000
080180200
000000000
000000000
000000000
0BB000501
000000000
000000000
000000000
000000000
000000000
000E00000
000000000
000000000
000000000
0BE010500
000000000
083000104
000000000
0EB0A0307
000000000
000000000
000000000
000020001
000000000
000000000
000000000
001000000
000000000
000050004
000000000
026050200
000000000
04A090302
000000000
039010101
000000000
000000000
000000000
000000000
000000000
000000000
000000000
000000000
000000000
000000000
000000000
000000000
000000000
000000000
000000000
000000000
000000000
000000000
000000000
000400000
000000000
000000000
000000000
040600000
000000000
000000000
000000000
05C3C0401
000000000
000000000
000000000
01AFE0903
000000000
000000000
000000000
0DC2D0800
000000000
030700800
000000000
000000000
000000000
014040204
000000000
001010200
000000000
000000000
000000000
000000000
000000000
000000000
000000000
000000000
000000000
00B030606
000000000
000000000
000000000
000000200
000000000
000000000
000000000
0E30E0706
000000000
000000000
000000000
000000000
000000000
0D40D0203
000000000
000000000
000000000
000000000
000000000
000000000
000000000
000240001
000000000
0410A0206
000000000
000000000
000000000
000000000
000000000
004000403
000000000
000000000
000000000
000000000
000000000
000000000
000000000
000000000
000000000
000000000
000000000
000040001
000000000
000040000
000000000
000000000
000000000
000050600
000000000
008050009
000000000
00E020007
000000000
00E070108
000000000
00F070305
000000000
01B070703
000000000
01105040F
000000000
000060400
000000000
01506000B
000000000
000000000
000000000
000000000
000000000
000000000
000000000
000000000
000000000
000000000
000000000
05C070401
000000000
0601A0800
000000000
000000000
000000000
048220400
000000000
0630F0006
000000000
000000000
000000000
000303800
000000000
0CFDF1F00
000000000
000000000
000000000
086D07902
000000000
0EFFF3D0F
000000000
0F3BEFF0B
000000000
09EF67F0E
000000000
000001000
000000000
021E19A04
000000000
05DD9FF0D
000000000
000000000
000001000
000000000
000000000
000000000
000000000
000000000
000000000
000000000
000001000
000000000
000000000
000000000
000000000
000000000
000000000
000000000
000000000
000000000
000000000
000000000
000000000
0F500010B
000000000
000000000
000000000
0DC08000D
000000000
000000000
000000000
000000000
000000000
0598A0601
000000000
000000008
000000000
000000000
000000000
000000000
000000000
000000000
000000000
000000000
000000000
000000000
000000000
000000000
000000000
000000000
000000000
000000000
000000000
000000000
000000000
000000000
000000000
000000000
000000000
000000000
000000000
000000000
000000000
028000000
000000000
03801010B
000000000
000000208
000000000
000000000
000000000
000000000
000000000
000000000
000000000
000000000
000000000
000000000
000000000
080040000
000000000
000000000
000000000
000000000
000000000
000000000
000000000
000000000
000000000
000000000
000000000
000000000
000000000
000000000
000000000
000000000
000000000
000000000
000000000
000000000
000000000
000000000
000000000
000000000
000000000
000000000
000000000
000000000
000000000
000000000
000000000
000000000
000000000
000000000
000000000
000000000
000000000
000000000
000000000
000000000
000000000
000000000
000000000
000000000
000000000
000000000
000000000
000000000
000000000
000000000
000000000
000000000
000000000
000000000
000000000
000000000
000000000
000000000
000000000
000000000
000000000
000000000
000000000
000000000
000000000
000000000
000000000
000000000
000000000
0070CFDFF
000000000
00707D7F8
000000000
00405D0FA
000000000
0070FFFFF
000000000
0000C6200
000000000
0070BFFC4
000000000
0050D9111
000000000
0070FFFFF
000000000
0070FFFFB
000000000
00108A04A
000000000
000000010
000000000
000000000
000000000
000000000
000000000
000000000
000000000
000000000
000000000
000000000
000000000
000000000
000000000
000000000
000000000
00004056E
000000000
004000001
000000000
000000000
000000000
000100000
000000000
000000000
000000000
000000000
000000000
000100004
000000000
0070FFF7F
000000000
000000000
000000000
000400000
000000000
002084000
000000000
000000000
000000000
000000000
000000000
000000000
000000000
000001000
000000000
000000000
000000000
000000000
000000000
000000000
000000000
000000000
000000000
000000000
000000000
000000000
000000000
000000000
000000000
000000000
000000000
000000000
000000000
000000000
000000000
003000210
000000000
000000000
000000000
000020814
008000000
000000000
000000000
000000000
000000000
00306044E
000000000
000000000
000000000
000000000
000000000
000000000
000000000
000000288
000000000
000080000
000000000
0050C2082
000000000
000000000
000000000
000000000
000000000
000000000
000000000
000000000
000000000
007010D01
000000000
000050442
000000000
004061936
000000000
000000000
000000000
000000808
000000000
000000000
000000000
000001800
000000000
004000BD7
000000000
001001280
000000000
00104065B
000000000
0030111AD
000000000
000000000
000000000
000000000
000000000
000008000
000000000
000000000
000000000
000000000
000000000
000000000
000000000
000000000
000000000
000000000
000000000
000000000
000000000
000000000
000000000
000000000
000000000
000C00000
000000000
000000000
000000000
00D121322
000000000
000000000
000000000
004BE245D
000000000
000000000
000000000
0060031C5
000000000
000390004
000000000
000000000
000000000
000000822
000000000
000000300
000000000
000000000
000000000
000000000
000000000
001020000
010000000
000000000
000000000
00004012A
000000000
000000000
000000000
004011011
000000000
000000000
000000000
001010C7A
000000000
000000000
000100000
000000000
000000000
00703035D
000000000
000000000
000000000
000010000
000000000
000000000
000000000
00300000A
000000000
0020407B6
000000000
000000000
000000000
000000000
000000000
000051100
000000000
000000000
000000000
000000000
000000000
000000000
000000000
000000000
000000000
00008C000
000000000
00000000F
000000000
001008000
000000000
000000000
000000000
00934C26B
000000000
00815E383
000000000
001191C04
000000000
0071572C2
000000000
00B3EA7FD
000000000
00F16FF7F
000000000
00B17C5D4
000000000
0090812C4
000000000
0073306CB
000000000
000000000
000000000
000000000
000000000
000000000
000000000
000000000
000000000
000000000
000000000
005020304
000000000
0000010A0
000000000
000000000
000000000
004021410
000000000
0030218D0
000000000
000000000
000000000
001000000
000000000
0070E6BEC
000000000
000000000
000000000
003024090
000000000
00707BFFB
000000000
00707BBF3
000000000
00707B7FF
000000000
000000000
000000000
0020607A4
000000000
00201A29C
000000000
000000000
000000000
000000000
000000000
000000000
000000000
000000140
000000000
000000000
000000000
000000000
000000000
000000000
000000000
000000000
000000000
000000000
000000000
000000000
000000000
000000000
000000000
0050C5C9C
000000000
000000000
000000000
00704727C
000000000
000000000
000000000
000000004
000000000
000042134
000000000
000000000
000000000
000000000
000000000
000000000
000000000
000000000
000000000
000000000
000000000
000000000
000000000
000000000
000000000
000000000
000000000
000000000
000000000
000000000
000000000
000000000
000000000
000000000
000000000
000000000
000000000
000000000
000000000
000068004
000000000
007013AB4
000000000
000004020
000000000
000000000
000000000
000000000
000000000
000014000
000000000
000000000
000000000
000000000
000000000
00604008C
000000000
000000000
000000000
000000000
000000000
000000000
000000000
000000000
000000000
000000000
000000000
000000000
000000000
000000000
000000000
000000000
000000000
000000000
000000000
000000000
000000000
000000000
000000000
000000000
000000000
000000000
000000000
000000000
000000000
000000000
000000000
000000000
000000000
000000000
000000000
000000000
000000000
000000000
000000000
000000000
000000000
000000000
000000000
000000000
000000000
000000000
000000000
000000000
000000000
000000000
000000000
000000000
000000000
000000000
000000000
000000000
000000000
000000000
000000000
000000000
000000000
000000000
000000000
000000000
000000000
000000000
000000000
000000000
000000000
0FD7E0A01
000000000
0DB3D0B06
000000000
0F6370A02
000000000
03F1B0F07
000000000
000040A03
000000000
02A530F03
000000000
0E5340A01
000000000
0DF7F0F07
000000000
0FF3F0F07
000000000
018260002
000000000
000000000
000000000
000000000
000000000
000000000
000000000
000000000
000000000
000000000
000000000
000000000
000000000
000000000
000000000
000000000
000000000
012040000
000000000
000000000
000000000
000000000
000000000
000000000
000000000
000000000
000000000
000000000
000000000
002000100
000000000
007070707
000000000
000000000
000000000
000000000
000000000
000000000
000000000
000000000
000000000
000000000
000000000
000000800
000000000
0820D0100
000000000
000000000
000000000
000000000
000000000
000000000
000000000
020000800
000000000
000000000
000000000
000000000
000000000
000000000
000000000
000000000
000000000
000000000
000000000
000000000
000000000
000000000
000000000
000000000
000000000
004040600
000000000
000000000
000000000
000000000
000000000
005040204
000000000
000000000
000000000
000000000
000000000
000000000
000000000
054980800
000000000
020080000
000000000
0F0710207
000000000
000000000
000000000
000000000
000000000
090280000
000000000
000000000
000000000
0FE040700
000000000
010090002
000000000
07C0E0807
000000000
000000000
000000000
023000000
000000000
000000000
000000000
0800A0000
000000000
028080104
000000000
090000000
000000000
0D1100402
000000000
012010403
000000000
000000000
000000000
000000000
000000000
000000004
000000000
000000000
000000000
000000000
000000000
000000000
000000000
000000000
000000000
000000000
000000000
000000000
000000000
000000000
000000000
000000000
000000000
000400000
000000000
000000000
000000000
05C5D0602
000000000
000000000
000000000
020F60500
000000000
000001000
000000000
082201D02
000000000
081801800
000000000
000000000
000000000
002000402
000000000
000010000
000000000
000000000
000000000
000000000
000000000
000000000
000000000
000000000
000000000
008000005
000000000
000000000
000000000
000040400
000000000
000000000
000000000
00F730202
000000000
000000000
000000000
000000000
000000000
0FFBF0E07
000000000
000000000
000000000
000880000
000000000
000000000
000000000
010821900
000000000
09D101105
000000000
000000000
000000000
000000000
000000000
004030000
000000000
000000000
000000000
000000000
000000000
000000000
000000000
000000000
000000000
002000006
000000000
00C020004
000000000
000000400
000000000
000000000
000000000
012000106
000000000
003020507
000000000
0850C0003
000000000
00C000703
000000000
03F0F0607
000000000
0DF040705
000000000
052010503
000000000
02B000204
000000000
0A9000704
000000000
000040000
000000000
000000000
000000000
000000000
000000000
000000000
000000000
000000000
000000000
004000102
000000000
000601002
000000000
000000000
000000000
000110004
000000000
004010001
000000000
000000000
000000000
000C8E818
000000000
05EE33304
000000000
000000000
000000000
02238FF1A
000000000
0FFFEFF1F
000000000
069EEFF1F
000000000
0BFFFEF1F
000000000
000000000
000000000
09AC1E618
000000000
0C56EBA0E
000000000
000000000
000000000
000000000
000000010
000000000
000000000
000000000
000000000
000000000
000000000
000000000
000001000
000000000
000000000
000000000
000000000
000000000
000004000
000000000
000000000
000000000
000000000
049050204
000000000
000000002
000000000
0E90B0704
000000000
000000000
000000000
000300000
000000000
095000C05
000000000
000000000
000000000
000000000
000000000
000000000
000000000
000000000
000000000
000000000
000000000
000000000
000000000
000000000
000000000
000000000
000000000
000000000
000000000
000000000
000000000
000000000
000000000
000000000
000000000
000000000
000000000
000000000
000000000
000080600
000000000
07F050603
000000000
020000004
000000000
000000000
000000000
000000000
000000000
000080000
000000000
000000000
000000000
000000000
000000000
0110A0402
000000000
000000000
000000000
000000000
000000000
000000000
000000000
000000000
000000000
000000000
000000000
000000000
000000000
000000000
000000000
000000000
000000000
000000000
000000000
000000000
000000000
000000000
000000000
000000000
000000000
000000000
000000000
000000000
000000000
000000000
000000000
000000000
000000000
000000000
000000000
000000000
000000000
000000000
000000000
000000000
000000000
000000000
000000000
000000000
000000000
000000000
000000000
000000000
000000000
000000000
000000000
000000000
000000000
000000000
000000000
000000000
000000000
000000000
000000000
000000000
000000000
000000000
000000000
000000000
000000000
000000000
000000000
100000000
0A5010000
0E0000000
000000030
008200000
000000010
0D0300000
000000000
050F00000
000806010
008F00000
000105010
0E0700000
000300000
0D0100000
04008A000
090000000
100A07070
